-- phpMyAdmin SQL Dump
-- version 4.1.14
-- http://www.phpmyadmin.net
--
-- Servidor: 127.0.0.1
-- Tiempo de generación: 08-11-2016 a las 12:49:35
-- Versión del servidor: 5.6.17
-- Versión de PHP: 5.5.12

SET SQL_MODE = "NO_AUTO_VALUE_ON_ZERO";
SET time_zone = "+00:00";


/*!40101 SET @OLD_CHARACTER_SET_CLIENT=@@CHARACTER_SET_CLIENT */;
/*!40101 SET @OLD_CHARACTER_SET_RESULTS=@@CHARACTER_SET_RESULTS */;
/*!40101 SET @OLD_COLLATION_CONNECTION=@@COLLATION_CONNECTION */;
/*!40101 SET NAMES utf8 */;

--
-- Base de datos: `olympicapp`
--

-- --------------------------------------------------------

--
-- Estructura de tabla para la tabla `actividad`
--

CREATE TABLE IF NOT EXISTS `actividad` (
  `IdActividad` double NOT NULL AUTO_INCREMENT,
  `IdLugar` double NOT NULL,
  `IdPersona` double NOT NULL,
  `FechahoraActvidad` date NOT NULL,
  `TipoActividad` enum('practica','competencia','asistencia','recreativa','otros') NOT NULL,
  `Observaciones` varchar(250) DEFAULT NULL,
  PRIMARY KEY (`IdActividad`),
  KEY `IdLugar` (`IdLugar`),
  KEY `IdPersona` (`IdPersona`)
) ENGINE=InnoDB DEFAULT CHARSET=latin1 AUTO_INCREMENT=1 ;

-- --------------------------------------------------------

--
-- Estructura de tabla para la tabla `administrador`
--

CREATE TABLE IF NOT EXISTS `administrador` (
  `IdPersona` double NOT NULL,
  PRIMARY KEY (`IdPersona`)
) ENGINE=InnoDB DEFAULT CHARSET=latin1;

-- --------------------------------------------------------

--
-- Estructura de tabla para la tabla `auditoria`
--

CREATE TABLE IF NOT EXISTS `auditoria` (
  `IdAuditoria` double NOT NULL AUTO_INCREMENT,
  `Accion` enum('alta','baja','modificacion') NOT NULL,
  `Tabla` varchar(20) NOT NULL,
  `ValorAnterior` varchar(1000) NOT NULL,
  `ValorNuevo` varchar(1000) NOT NULL,
  `FechahoraAuditoria` datetime NOT NULL,
  `NombreUsuario` varchar(20) NOT NULL,
  PRIMARY KEY (`IdAuditoria`),
  KEY `NombreUsuario` (`NombreUsuario`)
) ENGINE=InnoDB  DEFAULT CHARSET=latin1 AUTO_INCREMENT=2 ;

--
-- Volcado de datos para la tabla `auditoria`
--

INSERT INTO `auditoria` (`IdAuditoria`, `Accion`, `Tabla`, `ValorAnterior`, `ValorNuevo`, `FechahoraAuditoria`, `NombreUsuario`) VALUES
(1, 'alta', 'Region', '', 'IdRegion=0 Nombre=dasdasdasd', '2016-11-02 02:20:11', 'root@localhost');

-- --------------------------------------------------------

--
-- Estructura de tabla para la tabla `caracteristica`
--

CREATE TABLE IF NOT EXISTS `caracteristica` (
  `IdCaracteristica` double NOT NULL AUTO_INCREMENT,
  `NombreCaracteristica` varchar(40) NOT NULL,
  `DescripcionCaracteristica` varchar(255) DEFAULT NULL,
  PRIMARY KEY (`IdCaracteristica`)
) ENGINE=InnoDB  DEFAULT CHARSET=latin1 AUTO_INCREMENT=8 ;

--
-- Volcado de datos para la tabla `caracteristica`
--

INSERT INTO `caracteristica` (`IdCaracteristica`, `NombreCaracteristica`, `DescripcionCaracteristica`) VALUES
(1, 'No Aceptan menores', 'No Acepta el ingreso de menores'),
(2, 'No Aceptan mascotas', 'No Acepta el ingreso de mascotas'),
(3, 'Gratuito', 'La utilizacion de este servicio es gratuita'),
(4, 'Aceptan tarjeta de Debito', 'Acepta el pago con tarjetas de debito internacionales'),
(5, 'No  Apto para Fumadores', 'El servicio no tiene una zona reservada para fumadores'),
(6, 'Wi-fi', 'Cuenta con internet inalambrico para su clientela'),
(7, 'Estacionamiento Privado', 'Cuenta con un estacionamiento privado para clientes');

-- --------------------------------------------------------

--
-- Estructura de tabla para la tabla `categoria`
--

CREATE TABLE IF NOT EXISTS `categoria` (
  `IdCategoria` double NOT NULL AUTO_INCREMENT,
  `IdDisciplina` double NOT NULL,
  `NombreCategoria` varchar(50) CHARACTER SET latin1 NOT NULL,
  `Genero` enum('masculino','femenino','mixto') CHARACTER SET latin1 NOT NULL,
  `DescripcionCategoria` varchar(256) CHARACTER SET latin1 DEFAULT NULL,
  PRIMARY KEY (`IdCategoria`),
  KEY `IdDisciplina` (`IdDisciplina`)
) ENGINE=InnoDB  DEFAULT CHARSET=utf8 AUTO_INCREMENT=349 ;

--
-- Volcado de datos para la tabla `categoria`
--

INSERT INTO `categoria` (`IdCategoria`, `IdDisciplina`, `NombreCategoria`, `Genero`, `DescripcionCategoria`) VALUES
(1, 1, '100 metros planos ', 'masculino', ''),
(2, 1, '200 metros planos ', 'masculino', ''),
(3, 1, '400 metros planos ', 'masculino', ''),
(4, 1, '800 metros planos ', 'masculino', ''),
(5, 1, '110 metros con vallas ', 'masculino', ''),
(6, 1, '400 metros con vallas ', 'masculino', ''),
(7, 1, 'Relevo 4 x 100 metros ', 'masculino', ''),
(8, 1, 'Relevo 4 x 400 metros ', 'masculino', ''),
(9, 1, '1500 metros planos ', 'masculino', ''),
(10, 1, '3000 metros con obstáculos ', 'masculino', ''),
(11, 1, '5000 metros planos ', 'masculino', ''),
(12, 1, '10000 metros planos ', 'masculino', ''),
(13, 1, '20 kilómetros marcha atlética ', 'masculino', ''),
(14, 1, '50 kilómetros marcha atlética ', 'masculino', ''),
(15, 1, 'Maratón ', 'masculino', ''),
(16, 1, 'Decatlón ', 'masculino', ''),
(17, 1, 'Salto largo ', 'masculino', ''),
(18, 1, 'Salto alto ', 'masculino', ''),
(19, 1, 'Triple salto ', 'masculino', ''),
(20, 1, 'Salto con pértiga ', 'masculino', ''),
(21, 1, 'Lanzamiento de la jabalina ', 'masculino', ''),
(22, 1, 'Lanzamiento del disco ', 'masculino', ''),
(23, 1, 'Lanzamiento del martillo ', 'masculino', ''),
(24, 1, 'Lanzamiento de la bala ', 'masculino', ''),
(25, 1, '100 metros planos ', 'femenino', ''),
(26, 1, '200 metros planos ', 'femenino', ''),
(27, 1, '400 metros planos ', 'femenino', ''),
(28, 1, '800 metros planos ', 'femenino', ''),
(29, 1, '100 metros con vallas ', 'femenino', ''),
(30, 1, '400 metros con vallas ', 'femenino', ''),
(31, 1, 'Relevo 4 x 100 metros ', 'femenino', ''),
(32, 1, 'Relevo 4 x 400 metros ', 'femenino', ''),
(33, 1, '1500 metros planos ', 'femenino', ''),
(34, 1, '3000 metros con obstáculos ', 'femenino', ''),
(35, 1, '5000 metros planos ', 'femenino', ''),
(36, 1, '10000 metros planos ', 'femenino', ''),
(37, 1, '20 kilómetros marcha atlética ', 'femenino', ''),
(38, 1, 'Maratón ', 'femenino', ''),
(39, 1, 'Heptatlón ', 'femenino', ''),
(40, 1, 'Salto largo ', 'femenino', ''),
(41, 1, 'Salto alto ', 'femenino', ''),
(42, 1, 'Triple salto ', 'femenino', ''),
(43, 1, 'Salto con pértiga ', 'femenino', ''),
(44, 1, 'Lanzamiento de la jabalina ', 'femenino', ''),
(45, 1, 'Lanzamiento del disco ', 'femenino', ''),
(46, 1, 'Lanzamiento del martillo ', 'femenino', ''),
(47, 1, 'Lanzamiento de la bala ', 'femenino', ''),
(48, 2, ' Individual ', 'masculino', ''),
(49, 2, 'Dobles ', 'masculino', ''),
(50, 2, 'Individual ', 'femenino', ''),
(51, 2, 'Dobles ', 'femenino', ''),
(52, 2, 'Dobles ', 'mixto', ''),
(53, 3, 'Baloncesto ', 'masculino', ''),
(54, 3, 'Baloncesto ', 'femenino', ''),
(55, 4, 'Balonmano ', 'masculino', ''),
(56, 4, 'Balonmano ', 'femenino', ''),
(57, 5, 'Peso minimosca (49 kg) ', 'masculino', ''),
(58, 5, 'Peso mosca (52 kg) ', 'masculino', ''),
(59, 5, 'Peso gallo (56 kg) ', 'masculino', ''),
(60, 5, 'Peso ligero (60 kg) ', 'masculino', ''),
(61, 5, 'Peso welter ligero (64 kg) ', 'masculino', ''),
(62, 5, 'Peso welter (69 kg) ', 'masculino', ''),
(63, 5, 'Peso mediano (75 kg) ', 'masculino', ''),
(64, 5, 'Peso pesado ligero (81 kg) ', 'masculino', ''),
(65, 5, 'Peso pesado (91 kg) ', 'masculino', ''),
(66, 5, 'Peso superpesado (+91 kg) ', 'masculino', ''),
(67, 5, 'Peso minimosca (51 kg) ', 'femenino', ''),
(68, 5, 'Peso mosca (60 kg) ', 'femenino', ''),
(69, 5, 'Peso mediano (75 kg) ', 'femenino', ''),
(70, 6, 'Canoa individual (C1) 200 metros  (Canotaje sprint', 'masculino', ''),
(71, 6, 'Canoa individual (C1) 1000 metros  (Canotaje sprin', 'masculino', ''),
(72, 6, 'Canoa doble (C2) 1000 metros  (Canotaje sprint)', 'masculino', ''),
(73, 6, 'Kayak individual (K1) 200 metros  (Canotaje sprint', 'masculino', ''),
(74, 6, 'Kayak doble (K2) 200 metros  (Canotaje sprint)', 'masculino', ''),
(75, 6, 'Kayak individual (K1) 1000 metros  (Canotaje sprin', 'masculino', ''),
(76, 6, 'Kayak doble (K2) 1000 metros  (Canotaje sprint)', 'masculino', ''),
(77, 6, 'Kayak cuádruple (K4) 1000 metros  (Canotaje sprint', 'masculino', ''),
(78, 6, 'Kayak individual (K1) 200 metros  (Canotaje sprint', 'femenino', ''),
(79, 6, 'Kayak individual (K1) 500 metros  (Canotaje sprint', 'femenino', ''),
(80, 6, 'Kayak doble (K2) 500 metros  (Canotaje sprint)', 'femenino', ''),
(81, 6, 'Kayak cuádruple (K4) 500 metros  (Canotaje sprint)', 'femenino', ''),
(82, 6, 'Canoa individual (C1)  (Canotaje en eslalon)', 'masculino', ''),
(83, 6, 'Canoa doble (C2)  (Canotaje en eslalon)', 'masculino', ''),
(84, 6, 'Kayak individual (K1)  (Canotaje en eslalon)', 'masculino', ''),
(85, 6, 'Kayak individual (K1)  (Canotaje en eslalon)', 'femenino', ''),
(86, 7, 'Ciclismo BMX ', 'masculino', ''),
(87, 7, 'Ciclismo BMX ', 'femenino', ''),
(88, 7, 'Ciclismo de montaña ', 'masculino', ''),
(89, 7, 'Ciclismo de montaña ', 'femenino', ''),
(90, 7, 'Persecución por equipos  (Ciclismo en Pista)', 'masculino', ''),
(91, 7, 'Sprint por equipos  (Ciclismo en Pista)', 'masculino', ''),
(92, 7, 'Sprint  (Ciclismo en Pista)', 'masculino', ''),
(93, 7, 'Omnium  (Ciclismo en Pista)', 'masculino', ''),
(94, 7, 'Keirin  (Ciclismo en Pista)', 'masculino', ''),
(95, 7, 'Persecución por equipos  (Ciclismo en Pista)', 'femenino', ''),
(96, 7, 'Sprint por equipos  (Ciclismo en Pista)', 'femenino', ''),
(97, 7, 'Sprint  (Ciclismo en Pista)', 'femenino', ''),
(98, 7, 'Omnium  (Ciclismo en Pista)', 'femenino', ''),
(99, 7, 'Keirin  (Ciclismo en Pista)', 'femenino', ''),
(100, 7, 'Contrarreloj  (Ciclismo en Ruta)', 'masculino', ''),
(101, 7, 'Carrera en ruta  (Ciclismo en Ruta)', 'masculino', ''),
(102, 7, 'Contrarreloj  (Ciclismo en Ruta)', 'femenino', ''),
(103, 7, 'Carrera en ruta  (Ciclismo en Ruta)', 'femenino', ''),
(104, 8, '50 metros estilo libre ', 'masculino', ''),
(105, 8, '100 metros estilo libre ', 'masculino', ''),
(106, 8, '200 metros estilo libre ', 'masculino', ''),
(107, 8, '400 metros estilo libre ', 'masculino', ''),
(108, 8, '1500 metros estilo libre ', 'masculino', ''),
(109, 8, '100 metros estilo espalda ', 'masculino', ''),
(110, 8, '200 metros estilo espalda ', 'masculino', ''),
(111, 8, '100 metros estilo pecho ', 'masculino', ''),
(112, 8, '200 metros estilo pecho ', 'masculino', ''),
(113, 8, '100 metros estilo mariposa ', 'masculino', ''),
(114, 8, '200 metros estilo mariposa ', 'masculino', ''),
(115, 8, '200 metros cuatro estilos ', 'masculino', ''),
(116, 8, '400 metros cuatro estilos ', 'masculino', ''),
(117, 8, 'Relevo 4 x 100 metros estilo libre ', 'masculino', ''),
(118, 8, 'Relevo 4 x 200 metros estilo libre ', 'masculino', ''),
(119, 8, 'Relevo 4 x 100 metros cuatro estilos ', 'masculino', ''),
(120, 8, 'Maratón de natación 10 km ', 'masculino', ''),
(121, 8, '50 metros estilo libre ', 'femenino', ''),
(122, 8, '100 metros estilo libre ', 'femenino', ''),
(123, 8, '200 metros estilo libre ', 'femenino', ''),
(124, 8, '400 metros estilo libre ', 'femenino', ''),
(125, 8, '800 metros estilo libre ', 'femenino', ''),
(126, 8, '100 metros estilo espalda ', 'femenino', ''),
(127, 8, '200 metros estilo espalda ', 'femenino', ''),
(128, 8, '100 metros estilo pecho ', 'femenino', ''),
(129, 8, '200 metros estilo pecho ', 'femenino', ''),
(130, 8, '100 metros estilo mariposa ', 'femenino', ''),
(131, 8, '200 metros estilo mariposa ', 'femenino', ''),
(132, 8, '200 metros cuatro estilos ', 'femenino', ''),
(133, 8, '400 metros cuatro estilos ', 'femenino', ''),
(134, 8, 'Relevo 4 x 100 metros estilo libre ', 'femenino', ''),
(135, 8, 'Relevo 4 x 200 metros estilo libre ', 'femenino', ''),
(136, 8, 'Relevo 4 x 100 metros cuatro estilos ', 'femenino', ''),
(137, 8, 'Maratón de natación 10 km ', 'femenino', ''),
(138, 8, 'Duetos  (Nado sincronizado)', 'femenino', ''),
(139, 8, 'Equipos  (Nado sincronizado)', 'femenino', ''),
(140, 8, 'Trampolín 3 metros  (Clavado)', 'masculino', ''),
(141, 8, 'Plataforma 10 metros  (Clavado)', 'masculino', ''),
(142, 8, 'Trampolín 3 metros sincronizado  (Clavado)', 'masculino', ''),
(143, 8, 'Plataforma 10 metros sincronizado  (Clavado)', 'masculino', ''),
(144, 8, 'Trampolín 3 metros  (Clavado)', 'femenino', ''),
(145, 8, 'Plataforma 10 metros  (Clavado)', 'femenino', ''),
(146, 8, 'Trampolín 3 metros sincronizado  (Clavado)', 'femenino', ''),
(147, 8, 'Plataforma 10 metros sincronizado  (Clavado)', 'femenino', ''),
(148, 8, 'Polo acuático ', 'masculino', ''),
(149, 8, 'Polo acuático ', 'femenino', ''),
(150, 9, 'Doma individual', 'mixto', ''),
(151, 9, 'Doma por equipos', 'mixto', ''),
(152, 9, 'Salto individual', 'mixto', ''),
(153, 9, 'Salto por equipos', 'mixto', ''),
(154, 9, 'Prueba completa individual', 'mixto', ''),
(155, 9, 'Prueba completa por equipos', 'mixto', ''),
(156, 10, 'Sable individual ', 'masculino', ''),
(157, 10, 'Florete individual ', 'masculino', ''),
(158, 10, 'Espada individual ', 'masculino', ''),
(159, 10, 'Sable por equipos ', 'masculino', ''),
(160, 10, 'Florete por equipos ', 'masculino', ''),
(161, 10, 'Sable individual ', 'femenino', ''),
(162, 10, 'Florete individual ', 'femenino', ''),
(163, 10, 'Espada individual ', 'femenino', ''),
(164, 10, 'Florete por equipos ', 'femenino', ''),
(165, 10, 'Espada por equipos ', 'femenino', ''),
(166, 11, 'Fútbol ', 'masculino', ''),
(167, 11, 'Fútbol ', 'femenino', ''),
(168, 12, 'Equipo  (Gimnasia artística)', 'masculino', ''),
(169, 12, 'All-Around individual  (Gimnasia artística)', 'masculino', ''),
(170, 12, 'Ejercicios en el suelo  (Gimnasia artística)', 'masculino', ''),
(171, 12, 'Caballo con arzones  (Gimnasia artística)', 'masculino', ''),
(172, 12, 'Anillas  (Gimnasia artística)', 'masculino', ''),
(173, 12, 'Salto  (Gimnasia artística)', 'masculino', ''),
(174, 12, 'Barra horizontal  (Gimnasia artística)', 'masculino', ''),
(175, 12, 'Barras paralelas  (Gimnasia artística)', 'masculino', ''),
(176, 12, 'Equipo  (Gimnasia artística)', 'masculino', ''),
(177, 12, 'All-Around individual  (Gimnasia artística)', 'femenino', ''),
(178, 12, 'Salto  (Gimnasia artística)', 'femenino', ''),
(179, 12, 'Barras asimétricas  (Gimnasia artística)', 'femenino', ''),
(180, 12, 'Viga de equilibrio  (Gimnasia artística)', 'femenino', ''),
(181, 12, 'Ejercicios en el suelo  (Gimnasia artística)', 'femenino', ''),
(182, 12, 'All-Around individual  (Gimnasia rítmica)', 'femenino', ''),
(183, 12, 'All-Around por equipos  (Gimnasia rítmica)', 'femenino', ''),
(184, 12, 'Trampolín ', 'masculino', ''),
(185, 12, 'Trampolín ', 'femenino', ''),
(186, 13, '56 kg ', 'masculino', ''),
(187, 13, '62 kg ', 'masculino', ''),
(188, 13, '69 kg ', 'masculino', ''),
(189, 13, '77 kg ', 'masculino', ''),
(190, 13, '85 kg ', 'masculino', ''),
(191, 13, '94 kg ', 'masculino', ''),
(192, 13, '105 kg ', 'masculino', ''),
(193, 13, 'Más de 105 kg ', 'masculino', ''),
(194, 13, '48 kg ', 'femenino', ''),
(195, 13, '53 kg ', 'femenino', ''),
(196, 13, '58 kg ', 'femenino', ''),
(197, 13, '63 kg ', 'femenino', ''),
(198, 13, '69 kg ', 'femenino', ''),
(199, 13, '75 kg ', 'femenino', ''),
(200, 13, 'Más de 75 kg ', 'femenino', ''),
(201, 14, 'Hockey ', 'masculino', ''),
(202, 14, 'Hockey ', 'femenino', ''),
(203, 15, '60 kg ', 'masculino', ''),
(204, 15, '66 kg ', 'masculino', ''),
(205, 15, '73 kg ', 'masculino', ''),
(206, 15, '81 kg ', 'masculino', ''),
(207, 15, '90 kg ', 'masculino', ''),
(208, 15, '100 kg ', 'masculino', ''),
(209, 15, 'Más de 100 kg ', 'masculino', ''),
(210, 15, '48 kg ', 'femenino', ''),
(211, 15, '52 kg ', 'femenino', ''),
(212, 15, '57 kg ', 'femenino', ''),
(213, 15, '63 kg ', 'femenino', ''),
(214, 15, '70 kg ', 'femenino', ''),
(215, 15, '78 kg ', 'femenino', ''),
(216, 15, 'Más de 78 kg ', 'femenino', ''),
(217, 16, '55 kg  (Lucha grecorromana)', 'masculino', ''),
(218, 16, '60 kg  (Lucha grecorromana)', 'masculino', ''),
(219, 16, '66 kg  (Lucha grecorromana)', 'masculino', ''),
(220, 16, '74 kg  (Lucha grecorromana)', 'masculino', ''),
(221, 16, '84 kg  (Lucha grecorromana)', 'masculino', ''),
(222, 16, '96 kg  (Lucha grecorromana)', 'masculino', ''),
(223, 16, ' 120 kg  (Lucha grecorromana)', 'masculino', ''),
(224, 16, '55 kg  (Lucha libre)', 'masculino', ''),
(225, 16, '60 kg  (Lucha libre)', 'masculino', ''),
(226, 16, '66 kg  (Lucha libre)', 'masculino', ''),
(227, 16, '74 kg  (Lucha libre)', 'masculino', ''),
(228, 16, '84 kg  (Lucha libre)', 'masculino', ''),
(229, 16, '96 kg  (Lucha libre)', 'masculino', ''),
(230, 16, '120 kg  (Lucha libre)', 'masculino', ''),
(231, 16, '48 kg  (Lucha libre)', 'femenino', ''),
(232, 16, '55 kg  (Lucha libre)', 'femenino', ''),
(233, 16, '63 kg  (Lucha libre)', 'femenino', ''),
(234, 16, '72 kg  (Lucha libre)', 'femenino', ''),
(235, 17, 'Pentatlón moderno ', 'masculino', ''),
(236, 17, 'Pentatlón moderno ', 'femenino', ''),
(237, 18, 'Scull individual ', 'masculino', ''),
(238, 18, 'Doble Scull ', 'masculino', ''),
(239, 18, 'Doble Scull ligero ', 'masculino', ''),
(240, 18, 'Cuatro Scull ', 'masculino', ''),
(241, 18, 'Cuatro Scull ligero ', 'masculino', ''),
(242, 18, 'Dos sin timonel ', 'masculino', ''),
(243, 18, 'Cuatro sin timonel ', 'masculino', ''),
(244, 18, 'Ocho con timonel ', 'masculino', ''),
(245, 18, 'Scull individual ', 'femenino', ''),
(246, 18, 'Doble Scull ', 'femenino', ''),
(247, 18, 'Doble Scull ligero ', 'femenino', ''),
(248, 18, 'Cuatro Scull ', 'femenino', ''),
(249, 18, 'Dos sin timonel ', 'femenino', ''),
(250, 18, 'Ocho con timonel ', 'femenino', ''),
(251, 19, '58 kg ', 'masculino', ''),
(252, 19, '68 kg ', 'masculino', ''),
(253, 19, '80 kg ', 'masculino', ''),
(254, 19, 'Más de 80 kg ', 'masculino', ''),
(255, 19, '49 kg ', 'femenino', ''),
(256, 19, '57 kg ', 'femenino', ''),
(257, 19, '67 kg ', 'femenino', ''),
(258, 19, 'Más de 67 kg ', 'femenino', ''),
(259, 20, 'Individual ', 'masculino', ''),
(260, 20, 'Dobles ', 'masculino', ''),
(261, 20, 'Individual ', 'femenino', ''),
(262, 20, 'Dobles ', 'femenino', ''),
(263, 20, 'Dobles ', 'mixto', ''),
(264, 21, 'Individual ', 'masculino', ''),
(265, 21, 'Equipo ', 'masculino', ''),
(266, 21, 'Individual ', 'femenino', ''),
(267, 21, 'Equipo ', 'femenino', ''),
(268, 22, 'Individual ', 'masculino', ''),
(269, 22, 'Equipo ', 'masculino', ''),
(270, 22, 'Individual ', 'femenino', ''),
(271, 22, 'Equipo ', 'femenino', ''),
(272, 23, 'Pistola de aire a 10 metros ', 'masculino', ''),
(273, 23, 'Pistola a 50 metros ', 'masculino', ''),
(274, 23, 'Pistola rápida de fuego a 25 metros ', 'masculino', ''),
(275, 23, 'Rifle de aire a 10 metros ', 'masculino', ''),
(276, 23, 'Rifle en posición tendida 50 metros ', 'masculino', ''),
(277, 23, 'Rifle de 3 posiciones a 50 metros ', 'masculino', ''),
(278, 23, 'Skeet ', 'masculino', ''),
(279, 23, 'Foso ', 'masculino', ''),
(280, 23, 'Doble foso ', 'masculino', ''),
(281, 23, 'Pistola de aire a 10 metros ', 'femenino', ''),
(282, 23, 'Pistola a 25 metros ', 'femenino', ''),
(283, 23, 'Rifle de aire a 10 metros ', 'femenino', ''),
(284, 23, 'Rifle de 3 posiciones a 50 metros ', 'femenino', ''),
(285, 23, 'Skeet ', 'femenino', ''),
(286, 23, 'Foso ', 'femenino', ''),
(287, 24, 'Triatlón ', 'masculino', ''),
(288, 24, 'Triatlón ', 'femenino', ''),
(289, 25, 'Clase Finn ', 'masculino', ''),
(290, 25, 'Clase Star ', 'masculino', ''),
(291, 25, 'Clase 49er ', 'masculino', ''),
(292, 25, 'Clase 470 ', 'masculino', ''),
(293, 25, 'Laser ', 'masculino', ''),
(294, 25, 'RS:X ', 'masculino', ''),
(295, 25, 'Clase 470 ', 'femenino', ''),
(296, 25, 'Laser radial ', 'femenino', ''),
(297, 25, 'RS:X ', 'femenino', ''),
(298, 25, 'Elliott 6m ', 'femenino', ''),
(299, 26, 'Voleibol  (Voleibol de Sala)', 'masculino', ''),
(300, 26, 'Voleibol  (Voleibol de Sala)', 'femenino', ''),
(301, 26, 'Voleibol de playa ', 'femenino', ''),
(302, 26, 'Voleibol de playa ', 'masculino', ''),
(303, 1, 'Relevo 4 x 200 metros ', 'masculino', ''),
(304, 1, 'Relevo 4 x 800 metros', 'masculino', ''),
(305, 1, 'Relevo 4 x 1500 metros', 'masculino', ''),
(306, 1, 'Relevo 4 x 1 milla', 'masculino', ''),
(307, 1, '300 metros planos ', 'masculino', ''),
(308, 1, '600 metros planos ', 'masculino', ''),
(309, 1, '1000 metros planos ', 'masculino', ''),
(310, 1, '1 Milla planos', 'masculino', ''),
(311, 1, '2000 metro planos', 'masculino', ''),
(312, 1, '2 Milla planos', 'masculino', ''),
(313, 1, '1 hora', 'masculino', ''),
(314, 1, '25000 metros', 'masculino', ''),
(315, 1, '30000 metros', 'masculino', ''),
(316, 1, 'Medio maraton', 'masculino', ''),
(317, 1, '100 km Ruta', 'masculino', ''),
(318, 1, '200 metros con vallas ', 'masculino', ''),
(319, 1, '3 km M. P.', 'masculino', ''),
(320, 1, '5 km M. P.', 'masculino', ''),
(321, 1, '10 km M. P.', 'masculino', ''),
(322, 1, '1h. M. P.', 'masculino', ''),
(323, 1, '30 km M. P.', 'masculino', ''),
(324, 1, '2h. M. P.', 'masculino', ''),
(325, 1, '50 km. M. R.', 'masculino', ''),
(326, 1, '50 km. M. P.', 'masculino', ''),
(327, 1, '2h. M. P.', 'masculino', ''),
(328, 1, '50 km. M. R.', 'masculino', ''),
(329, 1, '50 km. M. P.', 'masculino', ''),
(330, 1, '10 km. M. Ruta', 'femenino', ''),
(331, 1, 'Relevo 4 x 200 metros ', 'femenino', ''),
(332, 1, 'Relevo 4 x 800 metros', 'femenino', ''),
(333, 1, '5 km. M. Pista', 'femenino', ''),
(334, 1, '10 km. M. Pista', 'femenino', ''),
(335, 1, '10 km. M. marcha', 'femenino', ''),
(336, 1, '1000 metros planos ', 'femenino', ''),
(337, 1, '1 Milla planos', 'femenino', ''),
(338, 1, '2000 metro planos', 'femenino', ''),
(339, 1, '1 hora', 'femenino', ''),
(340, 1, '20000 metros', 'femenino', ''),
(341, 1, '25000 metros', 'femenino', ''),
(342, 1, '30000 metros', 'femenino', ''),
(343, 1, 'Medio maraton', 'femenino', ''),
(344, 1, '100 km. ruta', 'femenino', ''),
(345, 1, '2000 metros con obstáculos ', 'femenino', ''),
(346, 3, '3-on-3 Hoops', 'masculino', 'Partido de 3 vs. 3 jugadores, 5 minutos por cuarto.'),
(347, 27, 'Otras', 'mixto', ''),
(348, 1, 'Correr de frente', 'masculino', 'Corres y corres');

-- --------------------------------------------------------

--
-- Estructura de tabla para la tabla `competencia`
--

CREATE TABLE IF NOT EXISTS `competencia` (
  `IdCompetencia` double NOT NULL AUTO_INCREMENT,
  `IdTorneo` double NOT NULL,
  `NombreCompetencia` varchar(50) NOT NULL,
  `TipoCompetencia` enum('octavos','cuartos','semifinal','final','tercer_puesto','grupo') NOT NULL,
  PRIMARY KEY (`IdCompetencia`),
  KEY `IdTorneo` (`IdTorneo`),
  KEY `IdTorneo_2` (`IdTorneo`)
) ENGINE=InnoDB  DEFAULT CHARSET=latin1 AUTO_INCREMENT=2 ;

--
-- Volcado de datos para la tabla `competencia`
--

INSERT INTO `competencia` (`IdCompetencia`, `IdTorneo`, `NombreCompetencia`, `TipoCompetencia`) VALUES
(1, 88, 'CompetenciaHistorica', 'final');

-- --------------------------------------------------------

--
-- Estructura de tabla para la tabla `competidor`
--

CREATE TABLE IF NOT EXISTS `competidor` (
  `IdCompetidor` double NOT NULL AUTO_INCREMENT,
  `IdEquipo` double DEFAULT NULL,
  `IdEvento` double DEFAULT NULL,
  PRIMARY KEY (`IdCompetidor`),
  KEY `IdEquipo` (`IdEquipo`),
  KEY `IdEvento` (`IdEvento`)
) ENGINE=InnoDB  DEFAULT CHARSET=latin1 AUTO_INCREMENT=363 ;

--
-- Volcado de datos para la tabla `competidor`
--

INSERT INTO `competidor` (`IdCompetidor`, `IdEquipo`, `IdEvento`) VALUES
(1, 1, 1),
(2, 2, 1),
(3, 3, 1),
(4, 4, 1),
(5, 5, 1),
(6, 6, 1),
(7, 7, 1),
(8, 8, 1),
(9, 9, 1),
(10, 10, 1),
(11, 11, 1),
(12, 12, 1),
(13, 13, 1),
(14, 14, 1),
(15, 15, 1),
(16, 16, 1),
(17, 17, 1),
(18, 18, 1),
(19, 19, 1),
(20, 20, 1),
(21, 21, 1),
(22, 22, 1),
(23, 23, 1),
(24, 24, 1),
(25, 25, 1),
(26, 26, 1),
(27, 27, 1),
(28, 28, 1),
(29, 29, 1),
(30, 30, 1),
(31, 31, 1),
(32, 32, 1),
(33, 33, 1),
(34, 34, 1),
(35, 35, 1),
(36, 36, 1),
(37, 37, 1),
(38, 38, 1),
(39, 39, 1),
(40, 40, 1),
(41, 41, 1),
(42, 42, 1),
(43, 43, 1),
(44, 44, 1),
(45, 45, 1),
(46, 46, 1),
(47, 47, 1),
(48, 48, 1),
(49, 49, 1),
(50, 50, 1),
(51, 51, 1),
(52, 52, 1),
(53, 53, 1),
(54, 54, 1),
(55, 55, 1),
(56, 56, 1),
(57, 57, 1),
(58, 58, 1),
(59, 59, 1),
(60, 60, 1),
(61, 61, 1),
(62, 62, 1),
(63, 63, 1),
(64, 64, 1),
(65, 65, 1),
(66, 66, 1),
(67, 67, 1),
(68, 68, 1),
(69, 69, 1),
(70, 70, 1),
(71, 71, 1),
(72, 72, 1),
(73, 73, 1),
(74, 74, 1),
(75, 75, 1),
(76, 76, 1),
(77, 77, 1),
(78, 78, 1),
(79, 79, 1),
(80, 80, 1),
(81, 81, 1),
(82, 82, 1),
(83, 83, 1),
(84, 84, 1),
(85, 85, 1),
(86, 86, 1),
(87, 87, 1),
(88, 88, 1),
(89, 89, 1),
(90, 90, 1),
(91, 91, 1),
(92, 92, 1),
(93, 93, 1),
(94, 94, 1),
(95, 95, 1),
(96, 96, 1),
(97, 97, 1),
(98, 98, 1),
(99, 99, 1),
(100, 100, 1),
(101, 101, 1),
(102, 102, 1),
(103, 103, 1),
(104, 104, 1),
(105, 105, 1),
(106, 106, 1),
(107, 107, 1),
(108, 108, 1),
(109, 109, 1),
(110, 110, 1),
(111, 111, 1),
(112, 112, 1),
(113, 113, 1),
(114, 114, 1),
(115, 115, 1),
(116, 116, 1),
(117, 117, 1),
(118, 118, 1),
(119, 119, 1),
(120, 120, 1),
(121, 121, 1),
(122, 122, 1),
(123, 123, 1),
(124, 124, 1),
(125, 125, 1),
(126, 126, 1),
(127, 127, 1),
(128, 128, 1),
(129, 129, 1),
(130, 130, 1),
(131, 131, 1),
(132, 132, 1),
(133, 133, 1),
(134, 134, 1),
(135, 135, 1),
(136, 136, 1),
(137, 137, 1),
(138, 138, 1),
(139, 139, 1),
(140, 140, 1),
(141, 141, 1),
(142, 142, 1),
(143, 143, 1),
(144, 144, 1),
(145, 145, 1),
(146, 146, 1),
(147, 147, 1),
(148, 148, 1),
(149, 149, 1),
(150, 150, 1),
(151, 151, 1),
(152, 152, 1),
(153, 153, 1),
(154, 154, 1),
(155, 155, 1),
(156, 156, 1),
(157, 157, 1),
(158, 158, 1),
(159, 159, 1),
(160, 160, 1),
(161, 161, 1),
(162, 162, 1),
(163, 163, 1),
(164, 164, 1),
(165, 165, 1),
(166, 166, 1),
(167, 167, 1),
(168, 168, 1),
(169, 169, 1),
(170, 170, 1),
(171, 171, 1),
(172, 172, 1),
(173, 173, 1),
(174, 174, 1),
(175, 175, 1),
(176, 176, 1),
(177, 177, 1),
(178, 178, 1),
(179, 179, 1),
(180, 180, 1),
(181, 181, 1),
(182, 182, 1),
(183, 183, 1),
(184, 184, 1),
(185, 185, 1),
(186, 186, 1),
(187, 187, 1),
(188, 188, 1),
(189, 189, 1),
(190, 190, 1),
(191, 191, 1),
(192, 192, 1),
(193, 193, 1),
(194, 194, 1),
(195, 195, 1),
(196, 196, 1),
(197, 197, 1),
(198, 198, 1),
(199, 199, 1),
(200, 200, 1),
(201, 201, 1),
(224, 224, 1),
(225, 225, 1),
(226, 226, 1),
(227, 227, 1),
(228, 228, 1),
(229, 229, 1),
(230, 230, 1),
(231, 231, 1),
(232, 232, 1),
(233, 233, 1),
(234, 234, 1),
(235, 235, 1),
(236, 236, 1),
(237, 237, 1),
(238, 238, 1),
(239, 239, 1),
(240, 240, 1),
(241, 241, 1),
(242, 242, 1),
(243, 243, 1),
(244, 244, 1),
(245, 245, 1),
(246, 246, 1),
(247, 247, 1),
(248, 248, 1),
(249, 249, 1),
(250, 250, 1),
(251, 251, 1),
(252, 252, 1),
(253, 253, 1),
(254, 254, 1),
(255, 255, 1),
(256, 256, 1),
(257, 257, 1),
(258, 258, 1),
(259, 259, 1),
(260, 260, 1),
(261, 261, 1),
(262, 262, 1),
(263, 263, 1),
(264, 264, 1),
(265, 265, 1),
(266, 266, 1),
(267, 267, 1),
(268, 268, 1),
(269, 269, 1),
(270, 270, 1),
(271, 271, 1),
(272, 272, 1),
(273, 273, 1),
(274, 274, 1),
(275, 275, 1),
(276, 276, 1),
(277, 277, 1),
(278, 278, 1),
(279, 279, 1),
(280, 280, 1),
(281, 281, 1),
(282, 282, 1),
(283, 283, 1),
(284, 284, 1),
(285, 285, 1),
(286, 286, 1),
(287, 287, 1),
(288, 288, 1),
(289, 289, 1),
(290, 290, 1),
(291, 291, 1),
(292, 292, 1),
(293, 293, 1),
(294, 294, 1),
(295, 295, 1),
(296, 296, 1),
(297, 297, 1),
(298, 298, 1),
(299, 299, 1),
(300, 300, 1),
(301, 301, 1),
(302, 302, 1),
(303, 303, 1),
(304, 304, 1),
(305, 305, 1),
(306, 306, 1),
(307, 307, 1),
(308, 308, 1),
(309, 309, 1),
(310, 310, 1),
(311, 311, 1),
(312, 312, 1),
(313, 313, 1),
(314, 314, 1),
(315, 315, 1),
(316, 316, 1),
(317, 317, 1),
(318, 318, 1),
(319, 319, 1),
(320, 320, 1),
(321, 321, 1),
(322, 322, 1),
(323, 323, 1),
(324, 324, 1),
(325, 325, 1),
(326, 326, 1),
(327, 327, 1),
(328, 328, 1),
(329, 329, 1),
(330, 330, 1),
(331, 331, 1),
(332, 332, 1),
(333, 333, 1),
(334, 334, 1),
(335, 335, 1),
(336, 336, 1),
(337, 337, 1),
(338, 338, 1),
(339, 339, 1),
(340, 340, 1),
(341, 341, 1),
(342, 342, 1),
(343, 343, 1),
(344, 344, 1),
(345, 345, 1),
(346, 346, 1),
(347, 347, 1),
(348, 348, 1),
(349, 349, 1),
(350, 350, 1),
(351, 351, 1),
(352, 352, 1),
(353, 353, 1),
(354, 354, 1),
(355, 355, 1),
(356, 356, 1),
(357, 357, 1),
(358, 358, 1),
(359, 359, 1),
(360, 360, 1),
(361, 361, 1),
(362, 362, 1);

-- --------------------------------------------------------

--
-- Estructura de tabla para la tabla `conforma`
--

CREATE TABLE IF NOT EXISTS `conforma` (
  `IdEquipo` double NOT NULL,
  `IdPersona` double NOT NULL,
  KEY `IdEquipo` (`IdEquipo`),
  KEY `IdPersona` (`IdPersona`)
) ENGINE=InnoDB DEFAULT CHARSET=latin1;

--
-- Volcado de datos para la tabla `conforma`
--

INSERT INTO `conforma` (`IdEquipo`, `IdPersona`) VALUES
(1, 1),
(2, 2),
(3, 3),
(4, 4),
(5, 5),
(6, 6),
(7, 7),
(8, 9),
(9, 12),
(10, 13),
(11, 14),
(12, 16),
(13, 21),
(14, 22),
(15, 22),
(16, 23),
(17, 23),
(18, 27),
(19, 28),
(20, 29),
(21, 30),
(22, 31),
(23, 32),
(24, 34),
(25, 35),
(26, 37),
(27, 37),
(28, 39),
(29, 42),
(30, 46),
(31, 47),
(32, 48),
(33, 49),
(34, 49),
(35, 50),
(36, 52),
(37, 53),
(38, 56),
(39, 57),
(40, 58),
(41, 60),
(42, 61),
(43, 62),
(44, 62),
(45, 63),
(46, 66),
(47, 66),
(48, 68),
(49, 69),
(50, 71),
(51, 72),
(52, 73),
(53, 74),
(54, 77),
(55, 78),
(56, 79),
(57, 80),
(58, 81),
(59, 82),
(60, 83),
(61, 84),
(62, 86),
(63, 87),
(64, 88),
(65, 89),
(66, 90),
(67, 90),
(68, 96),
(69, 97),
(70, 98),
(71, 97),
(72, 99),
(73, 100),
(74, 100),
(75, 101),
(76, 107),
(77, 108),
(78, 111),
(79, 115),
(80, 116),
(81, 117),
(82, 118),
(83, 119),
(84, 121),
(85, 125),
(86, 128),
(87, 129),
(88, 130),
(89, 131),
(90, 132),
(91, 133),
(92, 134),
(93, 137),
(94, 139),
(95, 140),
(96, 141),
(97, 142),
(98, 143),
(99, 147),
(100, 148),
(101, 150),
(102, 152),
(103, 153),
(104, 154),
(105, 155),
(106, 158),
(107, 159),
(108, 160),
(109, 161),
(110, 162),
(111, 165),
(112, 167),
(113, 168),
(114, 169),
(115, 171),
(116, 173),
(117, 174),
(118, 175),
(119, 176),
(120, 177),
(121, 179),
(122, 182),
(123, 183),
(124, 185),
(125, 186),
(126, 188),
(127, 189),
(128, 194),
(129, 195),
(130, 196),
(131, 198),
(132, 200),
(133, 202),
(134, 203),
(135, 204),
(136, 205),
(137, 209),
(138, 213),
(139, 214),
(140, 215),
(141, 216),
(142, 217),
(143, 218),
(144, 220),
(145, 222),
(146, 223),
(147, 224),
(148, 225),
(149, 226),
(150, 232),
(151, 233),
(152, 237),
(153, 238),
(154, 242),
(155, 243),
(156, 244),
(157, 245),
(158, 247),
(159, 248),
(160, 250),
(161, 252),
(162, 253),
(163, 254),
(164, 255),
(165, 258),
(166, 259),
(167, 260),
(168, 262),
(224, 23),
(225, 23),
(226, 59),
(227, 102),
(228, 75),
(229, 193),
(230, 156),
(231, 55),
(232, 55),
(233, 55),
(234, 122),
(235, 122),
(236, 19),
(237, 19),
(238, 70),
(239, 70),
(240, 212),
(241, 145),
(242, 231),
(243, 112),
(244, 227),
(245, 191),
(246, 166),
(247, 256),
(248, 109),
(249, 199),
(250, 221),
(251, 25),
(252, 178),
(253, 54),
(254, 11),
(255, 207),
(256, 211),
(257, 261),
(258, 210),
(259, 44),
(260, 123),
(261, 65),
(262, 180),
(263, 228),
(264, 43),
(265, 43),
(266, 45),
(267, 239),
(268, 43),
(269, 172),
(270, 239),
(277, 23),
(278, 23),
(279, 251),
(280, 251),
(281, 38),
(282, 19),
(283, 19),
(284, 249),
(285, 113),
(286, 256),
(287, 109),
(288, 8),
(289, 25),
(290, 15),
(291, 40),
(292, 236),
(293, 207),
(294, 136),
(295, 235),
(296, 234),
(297, 180),
(298, 94),
(301, 76),
(302, 76),
(303, 24),
(304, 163),
(305, 93),
(306, 201),
(307, 10),
(308, 20),
(309, 51),
(310, 246),
(311, 67),
(312, 190),
(313, 92),
(314, 105),
(315, 146),
(316, 151),
(317, 219),
(318, 85),
(319, 64),
(320, 105),
(321, 33),
(324, 76),
(325, 76),
(326, 120),
(327, 126),
(328, 144),
(329, 257),
(330, 144),
(331, 164),
(332, 106),
(333, 49),
(334, 106),
(335, 138),
(336, 114),
(337, 229),
(338, 229),
(339, 110),
(340, 184),
(341, 241),
(342, 51),
(343, 170),
(344, 192),
(345, 67),
(346, 124),
(347, 92),
(348, 36),
(349, 127),
(350, 135),
(351, 187),
(352, 83),
(353, 149),
(354, 105),
(355, 206),
(356, 197),
(357, 157),
(358, 95),
(363, 41),
(364, 103);

-- --------------------------------------------------------

--
-- Estructura de tabla para la tabla `delegacion`
--

CREATE TABLE IF NOT EXISTS `delegacion` (
  `IdDelegacion` double NOT NULL AUTO_INCREMENT,
  `NombreDelegacion` varchar(40) NOT NULL,
  `IdTorneo` double NOT NULL,
  PRIMARY KEY (`IdDelegacion`),
  KEY `IdTorneo` (`IdTorneo`)
) ENGINE=InnoDB  DEFAULT CHARSET=utf8 AUTO_INCREMENT=339 ;

--
-- Volcado de datos para la tabla `delegacion`
--

INSERT INTO `delegacion` (`IdDelegacion`, `NombreDelegacion`, `IdTorneo`) VALUES
(1, 'Alemania', 38),
(2, 'Alemania', 43),
(3, 'Alemania', 48),
(4, 'Alemania', 72),
(5, 'Alemania', 2),
(6, 'Alemania', 45),
(7, 'Alemania', 57),
(8, 'Argelia', 38),
(9, 'Australia', 38),
(10, 'Australia', 21),
(11, 'Australia', 72),
(12, 'Biolerrusia', 57),
(13, 'Botswana', 38),
(14, 'Brasil', 38),
(15, 'Bulgaria', 57),
(16, 'Bulgaria', 40),
(17, 'Camboya', 72),
(18, 'Canada', 38),
(19, 'Chile', 8),
(20, 'Chile', 20),
(21, 'China', 38),
(22, 'China', 72),
(23, 'Colombia', 38),
(24, 'Corea del Sur', 38),
(25, 'Croacia', 38),
(26, 'Cuba', 38),
(27, 'Cuba', 68),
(28, 'Cuba', 24),
(29, 'Cuba', 55),
(30, 'Dominica', 38),
(31, 'Eritrea', 37),
(32, 'Eslovenia', 38),
(33, 'España', 78),
(34, 'Estados Unidos', 38),
(35, 'Estados Unidos', 41),
(36, 'Estados Unidos', 73),
(37, 'Estados Unidos', 83),
(38, 'Estados Unidos', 2),
(39, 'Estados Unidos', 26),
(40, 'Estados Unidos', 31),
(41, 'Estados Unidos', 34),
(43, 'Estados Unidos', 57),
(44, 'Estados Unidos', 69),
(45, 'Estados Unidos', 72),
(46, 'Estados Unidos', 79),
(47, 'Estonia', 38),
(48, 'Etiopia', 38),
(49, 'Etiopia', 54),
(50, 'Etiopia', 10),
(51, 'Finlandia', 38),
(52, 'Francia', 38),
(53, 'Francia', 28),
(54, 'Gran Bretaña', 38),
(55, 'Gran Bretaña', 40),
(56, 'Gran Bretaña', 57),
(57, 'Gran Bretaña', 23),
(58, 'Gran Bretaña', 59),
(59, 'Granada', 38),
(60, 'Guatemala', 38),
(61, 'Hungria', 12),
(62, 'Hungria', 38),
(63, 'India', 38),
(64, 'Iran', 38),
(65, 'Irlanda', 38),
(66, 'Irlanda', 85),
(67, 'Italia', 16),
(68, 'Italia', 38),
(69, 'Italia', 42),
(70, 'Italia', 67),
(71, 'Jamaica', 38),
(72, 'Jamaica', 72),
(73, 'Jamaica', 5),
(74, 'Japon', 38),
(75, 'Japon', 80),
(76, 'Japon', 51),
(77, 'Japon', 14),
(78, 'Japon', 34),
(79, 'Kazajstan', 38),
(80, 'Kenia', 38),
(81, 'Kenia', 57),
(82, 'Kenia', 3),
(83, 'Kenia', 7),
(84, 'Kenia', 62),
(85, 'Kenia', 2),
(86, 'Kenia', 12),
(87, 'Kenia', 25),
(88, 'Lituania', 38),
(89, 'Malasia', 38),
(90, 'Marruecos', 38),
(91, 'Marruecos', 4),
(92, 'Mongolia', 38),
(93, 'Noruega', 72),
(94, 'Nueva Zelanda', 38),
(95, 'Paises Bajos', 1),
(96, 'Polonia', 38),
(97, 'Polonia', 60),
(98, 'Puerto Rico', 38),
(99, 'Qatar', 38),
(100, 'Qatar', 9),
(101, 'Republica Checa', 38),
(102, 'Republica Checa', 13),
(103, 'Republica Checa', 29),
(104, 'Republica Checa', 22),
(105, 'Republica Checa', 32),
(106, 'Rumania', 46),
(107, 'Rusia', 38),
(108, 'Rusia', 63),
(109, 'Rusia', 70),
(110, 'Rusia', 72),
(111, 'Rusia', 75),
(112, 'Rusia', 86),
(113, 'Rusia', 46),
(114, 'Rusia', 74),
(115, 'Rusia', 76),
(116, 'Rusia', 81),
(117, 'Rusia', 3),
(118, 'Rusia', 23),
(119, 'Rusia', 30),
(120, 'Rusia', 36),
(121, 'Sudafrica', 38),
(122, 'Tailandia', 38),
(123, 'Trinidad y Tobago', 38),
(124, 'Tunez', 38),
(125, 'Turquia', 38),
(126, 'Ucrania', 38),
(127, 'Ucrania', 35),
(128, 'Ucrania', 71),
(129, 'Uganda', 38),
(130, 'Uzbekistan', 38),
(131, 'Brasil', 40),
(132, 'Estados Unidos', 50),
(133, 'Afganistán', 87),
(134, 'Albania', 87),
(135, 'Alemania', 87),
(136, 'Andorra', 87),
(137, 'Angola', 87),
(138, 'Antigua y Barbuda', 87),
(139, 'Arabia Saudita', 87),
(140, 'Argelia', 87),
(141, 'Argentina', 87),
(142, 'Armenia', 87),
(143, 'Aruba', 87),
(144, 'Atletas Olímpicos Independientes', 87),
(145, 'Australia', 87),
(146, 'Austria', 87),
(147, 'Azerbaiyán', 87),
(148, 'Bahamas', 87),
(149, 'Bangladés ', 87),
(150, 'Barbados', 87),
(151, 'Baréin', 87),
(152, 'Bélgica', 87),
(153, 'Belice', 87),
(154, 'Benín', 87),
(155, 'Bermudas', 87),
(156, 'Bielorrusia', 87),
(157, 'Birmania', 87),
(158, 'Bolivia', 87),
(159, 'Bosnia y Herzegovina', 87),
(160, 'Botsuana', 87),
(161, 'Brasil', 87),
(162, 'Brunéi', 87),
(163, 'Bulgaria', 87),
(164, 'Burkina Faso', 87),
(165, 'Burundi', 87),
(166, 'Bután', 87),
(167, 'Cabo Verde', 87),
(168, 'Camboya', 87),
(169, 'Camerún', 87),
(170, 'Canadá', 87),
(171, 'Catar', 87),
(172, 'Chad', 87),
(173, 'Chile', 87),
(174, ' China', 87),
(175, ' China Taipéi', 87),
(176, ' Chipre', 87),
(177, ' Colombia', 87),
(178, ' Comoras', 87),
(179, ' Congo', 87),
(180, ' Corea del Norte', 87),
(181, ' Corea del Sur', 87),
(182, ' Costa de Marfil', 87),
(183, ' Costa Rica', 87),
(184, ' Croacia', 87),
(185, ' Cuba', 87),
(186, ' Dinamarca', 87),
(187, ' Dominica', 87),
(188, ' Ecuador', 87),
(189, ' Egipto', 87),
(190, ' El Salvador', 87),
(191, ' Emiratos Árabes Unidos', 87),
(192, ' Equipo Olímpico de Atletas Refugiados', 87),
(193, ' Eritrea', 87),
(194, ' Eslovaquia', 87),
(195, ' Eslovenia', 87),
(196, ' España', 87),
(197, ' Estados Unidos', 87),
(198, ' Estonia', 87),
(199, ' Etiopía', 87),
(200, ' Filipinas', 87),
(201, ' Finlandia', 87),
(202, ' Fiyi', 87),
(203, ' Francia', 87),
(204, ' Gabón', 87),
(205, ' Gambia', 87),
(206, ' Georgia', 87),
(207, ' Ghana', 87),
(208, ' Granada', 87),
(209, ' Grecia', 87),
(210, ' Guam', 87),
(211, ' Guatemala', 87),
(212, ' Guinea', 87),
(213, ' Guinea-Bisáu', 87),
(214, ' Guinea Ecuatorial', 87),
(215, ' Guyana', 87),
(216, ' Haití', 87),
(217, ' Honduras', 87),
(218, ' Hong Kong', 87),
(219, ' Hungría', 87),
(220, ' India', 87),
(221, ' Indonesia', 87),
(222, ' Irak', 87),
(223, ' Irán', 87),
(224, ' Irlanda', 87),
(225, ' Islandia', 87),
(226, ' Islas Caimán', 87),
(227, ' Islas Cook', 87),
(228, ' Islas Marshall', 87),
(229, ' Islas Salomón', 87),
(230, ' Islas Vírgenes Británicas', 87),
(231, ' Islas Vírgenes EE. UU.', 87),
(232, ' Israel', 87),
(233, ' Italia', 87),
(234, ' Jamaica', 87),
(235, ' Japón', 87),
(236, ' Jordania', 87),
(237, ' Kazajistán', 87),
(238, ' Kenia', 87),
(239, ' Kirguistán', 87),
(240, ' Kiribati', 87),
(241, ' Kosovo', 87),
(242, ' Laos', 87),
(243, ' Lesoto', 87),
(244, ' Letonia', 87),
(245, ' Líbano', 87),
(246, ' Liberia', 87),
(247, ' Libia', 87),
(248, ' Liechtenstein', 87),
(249, ' Lituania', 87),
(250, ' Luxemburgo', 87),
(251, ' Macedonia', 87),
(252, ' Madagascar', 87),
(253, ' Malasia', 87),
(254, ' Malawi', 87),
(255, ' Maldivas', 87),
(256, ' Malí', 87),
(257, ' Malta', 87),
(258, ' Marruecos', 87),
(259, ' Mauricio', 87),
(260, ' Mauritania', 87),
(261, ' México', 87),
(262, ' Micronesia', 87),
(263, ' Moldavia', 87),
(264, ' Mónaco', 87),
(265, ' Mongolia', 87),
(266, ' Montenegro', 87),
(267, ' Mozambique', 87),
(268, ' Namibia', 87),
(269, ' Nauru', 87),
(270, ' Nepal', 87),
(271, ' Nicaragua', 87),
(272, ' Níger', 87),
(273, ' Nigeria', 87),
(274, ' Noruega', 87),
(275, ' Nueva Zelanda', 87),
(276, ' Omán', 87),
(277, 'Paises Bajos', 87),
(278, ' Pakistán', 87),
(279, ' Palaos', 87),
(280, ' Palestina', 87),
(281, ' Panamá', 87),
(282, ' Papúa Nueva Guinea', 87),
(283, ' Paraguay', 87),
(284, ' Perú', 87),
(285, ' Polonia', 87),
(286, ' Portugal', 87),
(287, ' Puerto Rico', 87),
(288, 'Gran Bretaña', 87),
(289, ' República Centroafricana', 87),
(290, ' República Checa', 87),
(291, ' República Dem. del Congo', 87),
(292, ' República Dominicana', 87),
(293, ' Ruanda', 87),
(294, ' Rumanía', 87),
(295, ' Rusia', 87),
(296, ' Samoa', 87),
(297, ' Samoa Americana', 87),
(298, ' San Cristóbal y Nieves', 87),
(299, ' San Marino', 87),
(300, ' San Vicente y las Granadinas', 87),
(301, ' Santa Lucía', 87),
(302, ' Santo Tomé y Príncipe', 87),
(303, ' Senegal', 87),
(304, ' Serbia', 87),
(305, ' Seychelles', 87),
(306, ' Sierra Leona', 87),
(307, ' Singapur', 87),
(308, ' Siria', 87),
(309, ' Somalia', 87),
(310, ' Sri Lanka', 87),
(311, ' Suazilandia', 87),
(312, ' Sudáfrica', 87),
(313, ' Sudán', 87),
(314, ' Suecia', 87),
(315, ' Suiza', 87),
(316, ' Surinam', 87),
(317, ' Tailandia', 87),
(318, ' Tanzania', 87),
(319, ' Tayikistán', 87),
(320, ' Timor Oriental', 87),
(321, ' Togo', 87),
(322, ' Tonga', 87),
(323, ' Trinidad y Tobago', 87),
(324, ' Túnez', 87),
(325, ' Turkmenistán', 87),
(326, ' Turquía', 87),
(327, ' Tuvalu', 87),
(328, ' Ucrania', 87),
(329, ' Uganda', 87),
(330, ' Uruguay', 87),
(331, ' Uzbekistán', 87),
(332, ' Vanuatu', 87),
(333, ' Venezuela', 87),
(334, ' Vietnam', 87),
(335, ' Yemen', 87),
(336, ' Yibuti', 87),
(337, ' Zambia', 87),
(338, ' Zimbabue', 87);

-- --------------------------------------------------------

--
-- Estructura de tabla para la tabla `deportista`
--

CREATE TABLE IF NOT EXISTS `deportista` (
  `IdPersona` double NOT NULL,
  `AlturaDeportista` int(11) DEFAULT NULL,
  `PesoDeportista` int(11) DEFAULT NULL,
  PRIMARY KEY (`IdPersona`)
) ENGINE=InnoDB DEFAULT CHARSET=latin1;

--
-- Volcado de datos para la tabla `deportista`
--

INSERT INTO `deportista` (`IdPersona`, `AlturaDeportista`, `PesoDeportista`) VALUES
(1, 0, 0),
(2, 0, 0),
(3, 0, 0),
(4, 0, 0),
(5, 0, 0),
(6, 0, 0),
(7, 0, 0),
(8, 0, 0),
(9, 0, 0),
(10, 0, 0),
(11, 0, 0),
(12, 0, 0),
(13, 0, 0),
(14, 0, 0),
(15, 0, 0),
(16, 0, 0),
(19, 0, 0),
(20, 0, 0),
(21, 0, 0),
(22, 0, 0),
(23, 0, 0),
(24, 0, 0),
(25, 0, 0),
(27, 0, 0),
(28, 0, 0),
(29, 0, 0),
(30, 0, 0),
(31, 0, 0),
(32, 0, 0),
(33, 0, 0),
(34, 0, 0),
(35, 0, 0),
(36, 0, 0),
(37, 0, 0),
(38, 0, 0),
(39, 0, 0),
(40, 0, 0),
(41, 0, 0),
(42, 0, 0),
(43, 0, 0),
(44, 0, 0),
(45, 0, 0),
(46, 0, 0),
(47, 0, 0),
(48, 0, 0),
(49, 0, 0),
(50, 0, 0),
(51, 0, 0),
(52, 0, 0),
(53, 0, 0),
(54, 0, 0),
(55, 0, 0),
(56, 0, 0),
(57, 0, 0),
(58, 0, 0),
(59, 0, 0),
(60, 0, 0),
(61, 0, 0),
(62, 0, 0),
(63, 0, 0),
(64, 0, 0),
(65, 0, 0),
(66, 0, 0),
(67, 0, 0),
(68, 0, 0),
(69, 0, 0),
(70, 0, 0),
(71, 0, 0),
(72, 0, 0),
(73, 0, 0),
(74, 0, 0),
(75, 0, 0),
(76, 0, 0),
(77, 0, 0),
(78, 0, 0),
(79, 0, 0),
(80, 0, 0),
(81, 0, 0),
(82, 0, 0),
(83, 0, 0),
(84, 0, 0),
(85, 0, 0),
(86, 0, 0),
(87, 0, 0),
(88, 0, 0),
(89, 0, 0),
(90, 0, 0),
(92, 0, 0),
(93, 0, 0),
(94, 0, 0),
(95, 0, 0),
(96, 0, 0),
(97, 0, 0),
(98, 0, 0),
(99, 0, 0),
(100, 0, 0),
(101, 0, 0),
(102, 0, 0),
(103, 0, 0),
(105, 0, 0),
(106, 0, 0),
(107, 0, 0),
(108, 0, 0),
(109, 0, 0),
(110, 0, 0),
(111, 0, 0),
(112, 0, 0),
(113, 0, 0),
(114, 0, 0),
(115, 0, 0),
(116, 0, 0),
(117, 0, 0),
(118, 0, 0),
(119, 0, 0),
(120, 0, 0),
(121, 0, 0),
(122, 0, 0),
(123, 0, 0),
(124, 0, 0),
(125, 0, 0),
(126, 0, 0),
(127, 0, 0),
(128, 0, 0),
(129, 0, 0),
(130, 0, 0),
(131, 0, 0),
(132, 0, 0),
(133, 0, 0),
(134, 0, 0),
(135, 0, 0),
(136, 0, 0),
(137, 0, 0),
(138, 0, 0),
(139, 0, 0),
(140, 0, 0),
(141, 0, 0),
(142, 0, 0),
(143, 0, 0),
(144, 0, 0),
(145, 0, 0),
(146, 0, 0),
(147, 0, 0),
(148, 0, 0),
(149, 0, 0),
(150, 0, 0),
(151, 0, 0),
(152, 0, 0),
(153, 0, 0),
(154, 0, 0),
(155, 0, 0),
(156, 0, 0),
(157, 0, 0),
(158, 0, 0),
(159, 0, 0),
(160, 0, 0),
(161, 0, 0),
(162, 0, 0),
(163, 0, 0),
(164, 0, 0),
(165, 0, 0),
(166, 0, 0),
(167, 0, 0),
(168, 0, 0),
(169, 0, 0),
(170, 0, 0),
(171, 0, 0),
(172, 0, 0),
(173, 0, 0),
(174, 0, 0),
(175, 0, 0),
(176, 0, 0),
(177, 0, 0),
(178, 0, 0),
(179, 0, 0),
(180, 0, 0),
(182, 0, 0),
(183, 0, 0),
(184, 0, 0),
(185, 0, 0),
(186, 0, 0),
(187, 0, 0),
(188, 0, 0),
(189, 0, 0),
(190, 0, 0),
(191, 0, 0),
(192, 0, 0),
(193, 0, 0),
(194, 0, 0),
(195, 0, 0),
(196, 0, 0),
(197, 0, 0),
(198, 0, 0),
(199, 0, 0),
(200, 0, 0),
(201, 0, 0),
(202, 0, 0),
(203, 0, 0),
(204, 0, 0),
(205, 0, 0),
(206, 0, 0),
(207, 0, 0),
(209, 0, 0),
(210, 0, 0),
(211, 0, 0),
(212, 0, 0),
(213, 0, 0),
(214, 0, 0),
(215, 0, 0),
(216, 0, 0),
(217, 0, 0),
(218, 0, 0),
(219, 0, 0),
(220, 0, 0),
(221, 0, 0),
(222, 0, 0),
(223, 0, 0),
(224, 0, 0),
(225, 0, 0),
(226, 0, 0),
(227, 0, 0),
(228, 0, 0),
(229, 0, 0),
(231, 0, 0),
(232, 0, 0),
(233, 0, 0),
(234, 0, 0),
(235, 0, 0),
(236, 0, 0),
(237, 0, 0),
(238, 0, 0),
(239, 0, 0),
(241, 0, 0),
(242, 0, 0),
(243, 0, 0),
(244, 0, 0),
(245, 0, 0),
(246, 0, 0),
(247, 0, 0),
(248, 0, 0),
(249, 0, 0),
(250, 0, 0),
(251, 0, 0),
(252, 0, 0),
(253, 0, 0),
(254, 0, 0),
(255, 0, 0),
(256, 0, 0),
(257, 0, 0),
(258, 0, 0),
(259, 0, 0),
(260, 0, 0),
(261, 0, 0),
(262, 0, 0);

-- --------------------------------------------------------

--
-- Estructura de tabla para la tabla `disciplina`
--

CREATE TABLE IF NOT EXISTS `disciplina` (
  `IdDisciplina` double NOT NULL AUTO_INCREMENT,
  `NombreDisciplina` varchar(20) CHARACTER SET latin1 NOT NULL,
  `DescripcionDisciplina` varchar(256) CHARACTER SET latin1 DEFAULT NULL,
  `LinkReglamento` varchar(100) NOT NULL,
  `LinkHistoria` varchar(100) NOT NULL,
  PRIMARY KEY (`IdDisciplina`)
) ENGINE=InnoDB  DEFAULT CHARSET=utf8 AUTO_INCREMENT=28 ;

--
-- Volcado de datos para la tabla `disciplina`
--

INSERT INTO `disciplina` (`IdDisciplina`, `NombreDisciplina`, `DescripcionDisciplina`, `LinkReglamento`, `LinkHistoria`) VALUES
(1, 'Atletismo', '', 'http://www.marca.com/juegos-olimpicos/atletismo/todo-sobre.html', 'http://www.historiadelatletismo.net/'),
(2, 'Badminton', 'Es un deporte de raqueta en el que se enfrentan dos jugadores situadas en las mitades opuestas de una pista rectangular dividida por una red.', 'http://www.marca.com/juegos-olimpicos/badminton/todo-sobre.html', 'http://badmintonclubhortons.jimdo.com/el-origen-del-b%C3%A1dminton/'),
(3, 'Baloncesto', 'Deporte que se practica, en una cancha rectangular, entre dos equipos de cinco jugadores que  tratan de introducir el balón en la canasta contraria, que se encuentra a una altura de 3,05m, valiéndose solo de las manos', 'http://www.contigosalud.com/baloncesto-en-los-juegos-olimpicos', 'http://www.fbrm.es/hstoria/'),
(4, 'Balonmano', 'Deporte que se practica, en una cancha rectangular, entre dos equipos de siete jugadores  utilizando solo las manos, intentan introducir el balón en el arco del adversario', 'http://www.marca.com/juegos-olimpicos/balonmano/todo-sobre.html', 'http://handbol-ef.blogspot.com.uy/2009/04/historia-del-balonmano.html'),
(5, 'Boxeo', 'Deporte de combate en el que dos personas de la misma categoría de peso luchan entre sí  golpeándose con los puños', 'http://juegosolimpicos2016.net/boxeo/reglas-boxeo-olimpico/', 'http://www.soloboxeo.com/historia/'),
(6, 'Canotaje', 'Consiste en competir en velocidad o habilidad con kayaks, canoas o piraguas, tripulados por una o varias personas, por aguas mansas o bravas; la pala es el único medio de propulsión permitido y no se puede utilizar ningún punto de apoyo al remar.', 'http://www.deportesx.com/177/reglas-del-canotaje', ''),
(7, 'Ciclismo', 'Deporte que se practica en bicicleta y que engloba diversas modalidades, como \r\nlas de carretera, montaña y pista; en las pruebas ciclistas se compite en velocidad, habilidad o resistencia.', 'http://www.marca.com/juegos-olimpicos/ciclismo-pista/todo-sobre.html', 'http://deportes.about.com/od/Otros_deportes_y_competiciones/a/Historia-Del-Ciclismo.html'),
(8, 'Deportes acuáticos', 'Conjunto de deportes que se realizan en el agua', 'http://www.marca.com/juegos-olimpicos/natacion/todo-sobre.html', 'http://www.i-natacion.com/articulos/historia/historia1.html'),
(9, 'Equitación', 'Técnica, actividad o deporte de montar a caballo.', '', ''),
(10, 'Esgrima', 'Deporte en el que dos personas protegidas con una careta y un traje especiales se enfrentan manejando la espada, el sable o el florete; gana quien antes consigue tocar con el arma al adversario un número determinado de veces.', 'http://www.marca.com/juegos-olimpicos/esgrima/todo-sobre.html', ''),
(11, 'Fútbol', 'Deporte que se practica entre dos equipos de once jugadores que tratan de introducir un balón en la portería del contrario impulsándolo con los pies, la cabeza o cualquier parte del cuerpo excepto las manos y los brazos; en cada equipo hay un portero', 'http://juegosolimpicos2016.net/futbol/reglas-del-futbol-juegos-olimpicos/', ''),
(12, 'Gimnasia', 'Práctica de ejercicio físico que sirve para desarrollar, fortalecer y dar flexibilidad al cuerpo.	', 'http://www.marca.com/juegos-olimpicos/gimnasia-artistica/todo-sobre.html', ''),
(13, 'Halterofilia', 'Deporte que consiste en el levantamiento de halteras o pesas; los participantes se dividen en diferentes categorías según su peso y vence aquel que consigue levantar mayor peso sumando los obtenidos en los dos movimientos realizados.', 'Halterofilia', ''),
(14, 'Hockey sobre césped', 'Deporte que se juega entre dos equipos que tratan de introducir una pequeña bola o un disco en la portería contraria ayudándose de un bastón largo, plano y con forma curva en uno de sus extremos; gana el equipo que consigue más goles en el tiempo que dura', 'http://www.marca.com/juegos-olimpicos/hockey/todo-sobre.html', 'http://olimpiadas.diarioinformacion.com/olympics/interactive.asp?sport=HO'),
(15, 'Judo', 'Sistema de combate sin armas, de origen japonés, luchan cuerpo a cuerpo con el objetivo de derribar e inmovilizar en el suelo al adversario aprovechando la fuerza y el impulso de este', 'http://www.marca.com/juegos-olimpicos/judo/todo-sobre.html', ''),
(16, 'Lucha', ' Deporte en el cual cada participante intenta derrotar a su rival sin el uso de golpes', 'https://www.virginactive.es/blog/juegos-olimpicos-reglas-basicas-de-la-lucha-libre', 'http://luchaolimpicavigo.com/historia_de_la_lucha.htm'),
(17, 'Pentatlón moderno', 'Es un deporte olímpico que consta de cinco pruebas', 'https://www.rio2016.com/es/pentatlon-moderno', ''),
(18, 'Remo', 'Deporte que consiste en competir en velocidad con embarcaciones movidas a remo por varios tripulantes que van sentados de espaldas al sentido de la marcha.', 'http://deportistaremero.blogspot.com.uy/2012/11/reglas-de-competicion-el-remo-olimpico.html', 'http://federemo.org/historia-del-remo/'),
(19, 'Taekwondo', 'Deporte de combate sin armas, en que dos contendientes utilizan golpes secos dados con los puños y con los pies los combates constan de tres períodos de dos minutos cada uno.', 'http://www.marca.com/juegos-olimpicos/taekwondo/todo-sobre.html', 'http://www.gimnasiolee.com/taekwondo_html/historia_tkd.html'),
(20, 'Tenis', 'Deporte que se practica entre dos jugadores o dos parejas en una pista rectangular dividida  transversalmente por una red; consiste en impulsar una pelota con una raqueta por encima de la red intentando que bote en el campo contrario y que el adversario', 'http://juegosolimpicos2016.net/juegos-olimpicos/reglas-del-tenis-olimpico/', 'http://www.efdeportes.com/efd145/la-evolucion-historica-del-tenis.htm'),
(21, 'Tenis de mesa', 'Deporte o juego de mesa que se practica entre dos jugadores o dos parejas sobre una mesa rectangular dividida transversalmente por una red; la pelota es pequeña, hueca y ligera, y se golpea con una pequeña pala de madera', '', 'http://www.tododxts.com/index.php/deportes/125-tenis-de-mesa/222-tenis-de-mesa'),
(22, 'Tiro con arco', 'Deporte que consiste en alcanzar o derribar un blanco fijo o móvil con armas de fuego o con arcos y flechas.', 'http://www.marca.com/juegos-olimpicos/tiro-arco/todo-sobre.html', 'http://nosmola.com/es/historia-del-tiro-con-arco/'),
(23, 'Tiro olímpico', 'Deporte olímpico de tiro con armas de fuego que engloba las modalidades de tiro al plato y tiro de precisión.', 'http://www.marca.com/juegos-olimpicos/tiro-olimpico/todo-sobre.html', 'http://tirodeportivoolimpico.blogspot.com.uy/2011/04/historia-del-tiro-olimpico.html'),
(24, 'Triatlón', 'Competición deportiva en que los participantes compiten en tres carreras, una de natación,una ciclista y una pedestre, de diversa longitud según las categorías.', 'http://www.marca.com/juegos-olimpicos/triatlon/todo-sobre.html', 'https://masalladeunreto.wordpress.com/2015/05/22/historia-del-triatlon/'),
(25, 'Vela', 'Deporte náutico que consiste en controlar la dinámica de un barco propulsado solamente por el  viento en sus velas', 'http://www.marca.com/juegos-olimpicos/vela/todo-sobre.html', 'http://www.laserista.com/the-history-of-olympic-sailing/'),
(26, 'Voleibol', '', 'http://reglamentovoley.mejorserver.com/reglamento-de-voley-olimpic/', 'http://mundovoley.galeon.com/aficiones1507578.html'),
(27, 'Otras', '', '', '');

-- --------------------------------------------------------

--
-- Estructura de tabla para la tabla `distancia`
--

CREATE TABLE IF NOT EXISTS `distancia` (
  `IdResultado` double NOT NULL,
  `Metros` decimal(10,0) NOT NULL,
  PRIMARY KEY (`IdResultado`)
) ENGINE=InnoDB DEFAULT CHARSET=latin1;

-- --------------------------------------------------------

--
-- Estructura de tabla para la tabla `equipo`
--

CREATE TABLE IF NOT EXISTS `equipo` (
  `IdEquipo` double NOT NULL AUTO_INCREMENT,
  `IdCategoria` double NOT NULL,
  `NombreEquipo` varchar(50) NOT NULL,
  PRIMARY KEY (`IdEquipo`),
  KEY `IdCategoria` (`IdCategoria`)
) ENGINE=InnoDB  DEFAULT CHARSET=latin1 AUTO_INCREMENT=365 ;

--
-- Volcado de datos para la tabla `equipo`
--

INSERT INTO `equipo` (`IdEquipo`, `IdCategoria`, `NombreEquipo`) VALUES
(1, 47, 'Valerie Adams'),
(2, 58, 'Misha Aloian'),
(3, 59, 'Lazaro Alvarez Estrada'),
(4, 4, 'Nijel Amos '),
(5, 30, 'Natalya Antyukh'),
(6, 34, 'Sofia Assefa'),
(7, 63, 'Abbos Atoev'),
(8, 57, 'David  Ayrapetyan'),
(9, 57, 'Paddy Barnes'),
(10, 41, 'Brigetta Barrett'),
(11, 13, 'Erick Barrondo'),
(12, 12, 'Tariku Bekele'),
(13, 61, 'Denys Berinchyk'),
(14, 1, 'Yohan  Blake'),
(15, 2, 'Yohan  Blake'),
(16, 1, 'Usain  Bolt'),
(17, 2, 'Usain  Bolt'),
(18, 33, 'Gamze Bulut'),
(19, 33, 'Asli Cakir Alptekin'),
(20, 59, 'Luke Campbell'),
(21, 25, 'Veronica Campbell-Brown'),
(22, 13, 'Ding Chen'),
(23, 48, 'Long Chen'),
(24, 39, 'Tatyana Chernova'),
(25, 41, 'Anna Chicherova'),
(26, 17, 'Will Claye'),
(27, 19, 'Will Claye'),
(28, 58, 'Michael Conlan'),
(29, 6, 'Javier Culson'),
(30, 35, 'Meseret Defar'),
(31, 40, 'Janay Deloach'),
(32, 30, 'Lashinda Demus'),
(33, 35, 'Tirunesh Dibaba'),
(34, 36, 'Tirunesh Dibaba'),
(35, 19, 'Fabrizio Donato'),
(36, 18, 'Derek Drouin'),
(37, 16, 'Ashton Eaton'),
(38, 39, 'Jessica Ennis'),
(39, 18, 'Mutaz Essa Barshim'),
(40, 62, 'Freddie Evans'),
(41, 63, 'Esquiva Falcao Florentino'),
(42, 64, 'Yamaguchi Falcao Florentino'),
(43, 11, 'Mohamed Farah'),
(44, 12, 'Mohamed Farah'),
(45, 26, 'Allyson Felix'),
(46, 25, 'Shelly-Ann Fraser-Pryce'),
(47, 26, 'Shelly-Ann Fraser-Pryce'),
(48, 1, 'Justin  Gatlin'),
(49, 11, 'Dejen Gebremeskel'),
(50, 38, 'Tiki Gelana'),
(51, 34, 'Habiba Ghribi'),
(52, 47, 'Lijiao Gong'),
(53, 3, 'Lalonde Gordon'),
(54, 64, 'Oleksandr Gvozdyk'),
(55, 22, 'Ehsan Hadadi'),
(56, 60, 'Soonchul Han'),
(57, 16, 'Trey  Hardee'),
(58, 29, 'Dawn Harper'),
(59, 22, 'Robert Harting'),
(60, 46, 'Betty Heidler'),
(61, 30, 'Zuzana Hejnova'),
(62, 24, 'Reese Hoffa'),
(63, 20, 'Raphael Holzdeppe'),
(64, 42, 'Caterine Ibarguen'),
(65, 61, 'Roniel Iglesias Solotongo'),
(66, 9, 'Abdalaati Iguider'),
(67, 43, 'Elena Isinbaeva'),
(68, 3, 'Kirani James'),
(69, 35, 'Vivian Jepkemoi Cheruiyot'),
(70, 36, 'Sally Jepkemoi Cheruiyot'),
(71, 36, 'Vivian Jepkemoi Cheruiyot'),
(72, 38, 'Priscah Jeptoo'),
(73, 25, 'Carmelita Jeter'),
(74, 26, 'Carmelita Jeter'),
(75, 59, 'John Joe Nevin'),
(76, 37, 'Olga Kaniskina'),
(77, 22, 'Gerd Kanter'),
(78, 10, 'Ezekiel Kemboi'),
(79, 15, 'Stephen Kiprotich'),
(80, 15, 'Wilson  Kipsang Kiprotich'),
(81, 14, 'Sergey  Kirdyapkin'),
(82, 15, 'Abel Kirui'),
(83, 4, 'Timothy Kitum'),
(84, 47, 'Evgeniia Kolodko'),
(85, 23, 'Primoz Kozmus'),
(86, 18, 'Erik Kynard'),
(87, 37, 'Elena Lashmanova'),
(88, 20, 'Renaud Lavillenie'),
(89, 4, 'David Lekuta Rudisha'),
(90, 45, 'Yanfeng Li'),
(91, 50, 'Xuerui Li'),
(92, 48, 'Dan Lin'),
(93, 60, 'Vasyl Lomachenko'),
(94, 46, 'Tatyana Lysenko'),
(95, 24, 'Tomasz Majewski'),
(96, 9, 'Taoufik Makhloufi'),
(97, 61, 'Vincenzo Mangiacapre'),
(98, 9, 'Leonel Manzano'),
(99, 10, 'Mahiedine Mekhissi-Benabbad'),
(100, 64, 'Egor Mekhontcev'),
(101, 5, 'Aries Merrite'),
(102, 63, 'Ryota Murata'),
(103, 23, 'Koji Murofushi'),
(104, 10, 'Abel Mutai'),
(105, 50, 'Saina Nehwal'),
(106, 64, 'Adilbek Niyazymbetov'),
(107, 58, 'Tugstsogt Nyambayar'),
(108, 44, 'Christina Obergfoll'),
(109, 63, 'Anthony Ogogo'),
(110, 27, 'Christine Ohuruogu'),
(111, 20, 'Bjorn Otto'),
(112, 5, 'Hansle Parchment'),
(113, 23, 'Krisztian Pars'),
(114, 29, 'Sally Pearson'),
(115, 45, 'Sandra Perkovic'),
(116, 60, 'Evaldas Petrauskas'),
(117, 38, 'Tatyana Petrova Arkhipova'),
(118, 45, 'Darya Pishchalnikova'),
(119, 11, 'Thomas Pkemei Longosiwa'),
(120, 57, 'Kaeo Pongprayoon'),
(121, 28, 'Ekaterina Poyistogova'),
(122, 21, 'Oleksandr Pyatnytsya'),
(123, 37, 'Shenjie Qieyang'),
(124, 58, 'Robeisy Ramirez Carrazana'),
(125, 40, 'Brittney Reese'),
(126, 5, 'Jason Richardson'),
(127, 27, 'Sanya Richards-Ross'),
(128, 12, 'Galen Rupp'),
(129, 17, 'Greg Rutherford'),
(130, 21, 'Antti Ruuskanen'),
(131, 42, 'Olga Rypakova'),
(132, 42, 'Olha Saladuha'),
(133, 6, 'Felix Sanchez'),
(134, 3, 'Luguelin Santos'),
(135, 62, 'Serik Sapiyev'),
(136, 28, 'Mariya Savinova'),
(137, 39, 'Lilli Schwarzkopf'),
(138, 28, 'Caster Semenya'),
(139, 62, 'Taras Shelestyuk'),
(140, 59, 'Satoshi Shimizu'),
(141, 41, 'Svetlana Shkolina'),
(142, 14, 'Tianfeng Si'),
(143, 43, 'Yarisley Silva'),
(144, 40, 'Elena Sokolova'),
(145, 44, 'Barbora Spotakova'),
(146, 44, 'Linda Stahl'),
(147, 24, 'David Storl'),
(148, 16, 'Leonel Suarez'),
(149, 43, 'Jennifer Suhr'),
(150, 14, 'Jared Tallent'),
(151, 19, 'Christian Taylor'),
(152, 6, 'Michael Tinsley'),
(153, 60, 'Yasnier Toledo Lopez'),
(154, 27, 'Deedee Trotter'),
(155, 18, 'Ivan Ukhov'),
(156, 61, 'Munkh-Erdene Uranchimeg'),
(157, 21, 'Keshorn Walcott'),
(158, 13, 'Zhen Wang'),
(159, 50, 'Yihan Wang'),
(160, 17, 'Mitchell Watt'),
(161, 48, 'Chong Wei Lee'),
(162, 2, 'Warren Weir'),
(163, 29, 'Kellie Wells'),
(164, 46, 'Anita Wlodarczyk'),
(165, 33, 'Maryam Yusuf Jamal'),
(166, 62, 'Andrey Zamkovoy'),
(167, 34, 'Yuliya Zaripova'),
(168, 57, 'Shiming Zou'),
(169, 7, 'Jamaica '),
(170, 7, 'Estados Unidos '),
(171, 7, 'Trinidad y Tobago '),
(172, 8, 'Bahamas '),
(173, 8, 'Estados Unidos '),
(174, 8, 'Trinidad y Tobago '),
(175, 31, 'Estados Unidos '),
(176, 31, 'Jamaica '),
(177, 31, 'Ucrania '),
(178, 32, 'Estados Unidos  '),
(179, 32, 'Rusia '),
(180, 32, 'Jamaica '),
(181, 49, 'China  '),
(182, 49, 'Dinamarca '),
(183, 49, 'Corea del Sur '),
(184, 51, 'China  '),
(185, 51, 'Japon  '),
(186, 51, 'Rusia '),
(187, 52, 'China '),
(188, 52, 'China '),
(189, 52, 'Dinamarca '),
(190, 53, 'Estados Unidos  '),
(191, 53, 'España '),
(192, 53, 'Rusia '),
(193, 54, 'Estados Unidos  '),
(194, 54, 'Francia '),
(195, 54, 'Australia '),
(196, 55, 'Francia '),
(197, 55, 'Suecia '),
(198, 55, 'Croacia '),
(199, 56, 'Noruega  '),
(200, 56, 'Montenegro '),
(201, 56, 'España '),
(224, 1, 'Usain Bolt '),
(225, 2, 'Usain Bolt '),
(226, 307, 'Danny Everett '),
(227, 3, 'Michael Johnson '),
(228, 308, 'Johnny Gray '),
(229, 4, 'David Rudisha '),
(230, 309, 'Noah Ngeny '),
(231, 9, 'Hicham El Guerrouj '),
(232, 310, 'Hicham El Guerrouj '),
(233, 311, 'Hicham El Guerrouj '),
(234, 10, 'Daniel Komen '),
(235, 312, 'Daniel Komen '),
(236, 11, 'Kenenisa Bekele '),
(237, 12, 'Kenenisa Bekele '),
(238, 13, 'Haile Gebrselassie '),
(239, 313, 'Haile Gebrselassie '),
(240, 314, 'Toshihiko Seko '),
(241, 315, 'Takayuki Matsumiya '),
(242, 316, 'Zersenay Tadese '),
(243, 15, 'Dennis Kimetto '),
(244, 317, 'Takahiro Sunada '),
(245, 5, 'Dayron Robles '),
(246, 318, 'Laurent Ottoz '),
(247, 6, 'Kevin Young '),
(248, 9, 'Julius Kariuki '),
(249, 10, 'Saif Saaeed Shaheen '),
(250, 18, 'Javier Sotomayor '),
(251, 20, 'Sergey Bubka '),
(252, 17, 'Mike Powell '),
(253, 19, 'Jonathan Edwards '),
(254, 47, 'Randy Barnes '),
(255, 22, 'Jurgen Schult '),
(256, 23, 'Yuri Sedykh '),
(257, 21, 'Jan Zelezny '),
(258, 16, 'Roman Sebrle '),
(259, 319, 'Giovanni de Benedictis '),
(260, 320, 'Robert Korzeniowski '),
(261, 321, 'Paquillo Fernández '),
(262, 322, 'Jozef Pribilinec '),
(263, 13, 'Yusuke Suzuki '),
(264, 323, 'Maurizio Damilano '),
(265, 324, 'Maurizio Damilano '),
(266, 325, 'Nathan Deakes '),
(267, 326, 'Thierry Toutain '),
(268, 327, 'Maurizio Damilano '),
(269, 328, 'Andrey Perlov '),
(270, 329, 'Thierry Toutain '),
(271, 7, 'Jamaica'),
(272, 303, 'Estados Unidos'),
(273, 8, 'Estados Unidos'),
(274, 304, 'Kenia'),
(275, 305, 'Alemania Occidental'),
(276, 306, 'Irlanda'),
(277, 1, 'Usain Bolt '),
(278, 2, 'Usain Bolt '),
(279, 3, 'Quincy Watts '),
(280, 4, 'Joaquín Cruz '),
(281, 9, 'Sebastián Coe '),
(282, 11, 'Kenesisa Bekele '),
(283, 12, 'Kenenisa Bekele '),
(284, 15, 'Samuel Wanjiru '),
(285, 5, 'Roger Kingdom '),
(286, 6, 'Kevin Young '),
(287, 10, 'Julius Kariuki '),
(288, 18, 'Gennady Avdeyenko '),
(289, 20, 'Sergey Bubka '),
(290, 17, 'Bob Beamon '),
(291, 19, 'Mike Conley '),
(292, 24, 'Ulf Timmermann '),
(293, 22, 'Jurgen Schult '),
(294, 23, 'Sergei Litvinov '),
(295, 21, 'Andreas Thorkildsen '),
(296, 16, 'Daley Thompson '),
(297, 13, 'Josef Pribilinec '),
(298, 14, 'Vyacheslav Ivanenko '),
(299, 7, 'Jamaica '),
(300, 8, 'Estados Unidos'),
(301, 25, 'Florence Griffith '),
(302, 26, ' Florence Griffith '),
(303, 27, ' Olga Bryzgina '),
(304, 28, ' Nadezha Olizarenko '),
(305, 33, ' Paula Ivan '),
(306, 34, ' Tatiana Samolenko '),
(307, 36, 'Olga Bandorenko '),
(308, 38, 'Joan Benoit '),
(309, 29, 'Yordanka Donkova '),
(310, 30, 'Melaine Walker '),
(311, 34, 'Gulnara Galkina '),
(312, 41, 'Louise Ritter '),
(313, 43, 'Yelena Isinbayeva '),
(314, 40, 'Jackie Joyner-Kersee '),
(315, 42, 'Francoise Mbango Etone '),
(316, 46, 'Aksana Miankova '),
(317, 47, 'Ilona Slupianeck '),
(318, 45, 'Martina Hellmann '),
(319, 44, ' Petra Felke '),
(320, 39, ' Jackye Joyner-Kerse '),
(321, 330, ' Yueling Chen '),
(322, 31, 'Alemania Oriental'),
(323, 32, 'Rusia'),
(324, 25, 'Florence Giffith '),
(325, 26, ' Florence Giffith '),
(326, 27, ' Marita Koch '),
(327, 28, ' Jarmila Kratochvilova '),
(328, 336, ' Svetlana Masterkova '),
(329, 33, ' Qu Yunxia '),
(330, 337, ' Svetlana Masterkova '),
(331, 338, ' Sonia O`Sullivan '),
(332, 339, ' Wang Junxia '),
(333, 35, ' Tirunesh Dibaba'),
(334, 36, ' Wang Junxia '),
(335, 339, ' Tegla Lorupe '),
(336, 340, ' Lornah Kiplagat '),
(337, 341, ' Karolina Szabo '),
(338, 342, ' Karolina Szabo '),
(339, 343, ' Mary Keitany '),
(340, 38, ' Paula Radcliffe '),
(341, 344, ' Ann Trason '),
(342, 29, ' Yordanka Donkova '),
(343, 30, ' Yulia Pechyonkina '),
(344, 345, ' Svetlana Rogova '),
(345, 34, ' Gulnara Galkina '),
(346, 41, ' Stefka Kostadinova '),
(347, 43, ' Yelena Isinbayeva '),
(348, 40, ' Galina Chistyakova '),
(349, 42, ' Inessa Kravets '),
(350, 47, ' Natalia Lisovskaya '),
(351, 45, ' Gabriele Reinsch '),
(352, 46, ' Betty Heidler '),
(353, 44, ' Osleidys Menéndez '),
(354, 39, ' Jackie Joyner-Kersee '),
(355, 333, ' Kerry Saxby '),
(356, 334, ' Nadezhda Ryashkina '),
(357, 335, ' Yelena Nikolayeva '),
(358, 37, ' Olimpiada Ivanova '),
(359, 31, 'Alemania'),
(360, 331, 'Estados Unidos'),
(361, 32, 'Rusia'),
(362, 332, 'Rusia'),
(363, 4, 'Joaquín Cruz'),
(364, 331, 'Marion Jones');

-- --------------------------------------------------------

--
-- Estructura de tabla para la tabla `evento`
--

CREATE TABLE IF NOT EXISTS `evento` (
  `IdEvento` double NOT NULL AUTO_INCREMENT,
  `IdLugar` double NOT NULL,
  `IdCategoria` double NOT NULL,
  `IdCompetencia` double NOT NULL,
  `NombreEvento` varchar(50) DEFAULT NULL,
  `FechahoraEvento` datetime DEFAULT NULL,
  `PrecioEntrada` varchar(15) DEFAULT NULL,
  `EstadoEvento` enum('suspendido','activo','finalizado','programado') NOT NULL,
  PRIMARY KEY (`IdEvento`),
  KEY `IdLugar` (`IdLugar`),
  KEY `IdCategoria` (`IdCategoria`),
  KEY `IdCompetencia` (`IdCompetencia`)
) ENGINE=InnoDB  DEFAULT CHARSET=latin1 AUTO_INCREMENT=2 ;

--
-- Volcado de datos para la tabla `evento`
--

INSERT INTO `evento` (`IdEvento`, `IdLugar`, `IdCategoria`, `IdCompetencia`, `NombreEvento`, `FechahoraEvento`, `PrecioEntrada`, `EstadoEvento`) VALUES
(1, 102, 347, 1, NULL, '0000-00-00 00:00:00', '', 'finalizado');

-- --------------------------------------------------------

--
-- Estructura de tabla para la tabla `historico`
--

CREATE TABLE IF NOT EXISTS `historico` (
  `IdHistorico` double NOT NULL AUTO_INCREMENT,
  `IdCompetidor` double DEFAULT NULL,
  `TipoHistorico` enum('oro','plata','bronce','mundial','olimpico','clasificacion') NOT NULL,
  `FechaHistorico` date NOT NULL,
  `PuntuacionHistorico` varchar(70) NOT NULL,
  `Posicion` int(11) DEFAULT NULL,
  PRIMARY KEY (`IdHistorico`),
  KEY `IdCompetidor` (`IdCompetidor`)
) ENGINE=InnoDB  DEFAULT CHARSET=latin1 AUTO_INCREMENT=341 ;

--
-- Volcado de datos para la tabla `historico`
--

INSERT INTO `historico` (`IdHistorico`, `IdCompetidor`, `TipoHistorico`, `FechaHistorico`, `PuntuacionHistorico`, `Posicion`) VALUES
(1, 1, 'oro', '0000-00-00', '', 1),
(2, 2, 'bronce', '0000-00-00', '', 3),
(3, 3, 'bronce', '0000-00-00', '', 3),
(4, 4, 'plata', '0000-00-00', '', 2),
(5, 5, 'oro', '0000-00-00', '', 1),
(6, 6, 'bronce', '0000-00-00', '', 3),
(7, 7, 'bronce', '0000-00-00', '', 3),
(8, 8, 'bronce', '0000-00-00', '', 3),
(9, 9, 'bronce', '0000-00-00', '', 3),
(10, 10, 'plata', '0000-00-00', '', 2),
(11, 11, 'plata', '0000-00-00', '', 2),
(12, 12, 'bronce', '0000-00-00', '', 3),
(13, 13, 'plata', '0000-00-00', '', 2),
(14, 14, 'plata', '0000-00-00', '', 2),
(15, 15, 'plata', '0000-00-00', '', 2),
(16, 16, 'oro', '0000-00-00', '', 1),
(17, 17, 'oro', '0000-00-00', '', 1),
(18, 18, 'plata', '0000-00-00', '', 2),
(19, 19, 'oro', '0000-00-00', '', 1),
(20, 20, 'oro', '0000-00-00', '', 1),
(21, 21, 'bronce', '0000-00-00', '', 3),
(22, 22, 'oro', '0000-00-00', '', 1),
(23, 23, 'bronce', '0000-00-00', '', 3),
(24, 24, 'bronce', '0000-00-00', '', 3),
(25, 25, 'oro', '0000-00-00', '', 1),
(26, 26, 'bronce', '0000-00-00', '', 3),
(27, 27, 'plata', '0000-00-00', '', 2),
(28, 28, 'bronce', '0000-00-00', '', 3),
(29, 29, 'bronce', '0000-00-00', '', 3),
(30, 30, 'oro', '0000-00-00', '', 1),
(31, 31, 'bronce', '0000-00-00', '', 3),
(32, 32, 'plata', '0000-00-00', '', 2),
(33, 33, 'bronce', '0000-00-00', '', 3),
(34, 34, 'oro', '0000-00-00', '', 1),
(35, 35, 'bronce', '0000-00-00', '', 3),
(36, 36, 'bronce', '0000-00-00', '', 3),
(37, 37, 'oro', '0000-00-00', '', 1),
(38, 38, 'oro', '0000-00-00', '', 1),
(39, 39, 'bronce', '0000-00-00', '', 3),
(40, 40, 'plata', '0000-00-00', '', 2),
(41, 41, 'plata', '0000-00-00', '', 2),
(42, 42, 'bronce', '0000-00-00', '', 3),
(43, 43, 'oro', '0000-00-00', '', 1),
(44, 44, 'oro', '0000-00-00', '', 1),
(45, 45, 'oro', '0000-00-00', '', 1),
(46, 46, 'oro', '0000-00-00', '', 1),
(47, 47, 'plata', '0000-00-00', '', 2),
(48, 48, 'bronce', '0000-00-00', '', 3),
(49, 49, 'plata', '0000-00-00', '', 2),
(50, 50, 'oro', '0000-00-00', '', 1),
(51, 51, 'plata', '0000-00-00', '', 2),
(52, 52, 'bronce', '0000-00-00', '', 3),
(53, 53, 'bronce', '0000-00-00', '', 3),
(54, 54, 'bronce', '0000-00-00', '', 3),
(55, 55, 'plata', '0000-00-00', '', 2),
(56, 56, 'plata', '0000-00-00', '', 2),
(57, 57, 'plata', '0000-00-00', '', 2),
(58, 58, 'plata', '0000-00-00', '', 2),
(59, 59, 'oro', '0000-00-00', '', 1),
(60, 60, 'bronce', '0000-00-00', '', 3),
(61, 61, 'bronce', '0000-00-00', '', 3),
(62, 62, 'bronce', '0000-00-00', '', 3),
(63, 63, 'bronce', '0000-00-00', '', 3),
(64, 64, 'plata', '0000-00-00', '', 2),
(65, 65, 'oro', '0000-00-00', '', 1),
(66, 66, 'bronce', '0000-00-00', '', 3),
(67, 67, 'bronce', '0000-00-00', '', 3),
(68, 68, 'oro', '0000-00-00', '', 1),
(69, 69, 'plata', '0000-00-00', '', 2),
(70, 70, 'plata', '0000-00-00', '', 2),
(71, 71, 'bronce', '0000-00-00', '', 3),
(72, 72, 'plata', '0000-00-00', '', 2),
(73, 73, 'plata', '0000-00-00', '', 2),
(74, 74, 'bronce', '0000-00-00', '', 3),
(75, 75, 'plata', '0000-00-00', '', 2),
(76, 76, 'plata', '0000-00-00', '', 2),
(77, 77, 'bronce', '0000-00-00', '', 3),
(78, 78, 'oro', '0000-00-00', '', 1),
(79, 79, 'oro', '0000-00-00', '', 1),
(80, 80, 'bronce', '0000-00-00', '', 3),
(81, 81, 'oro', '0000-00-00', '', 1),
(82, 82, 'plata', '0000-00-00', '', 2),
(83, 83, 'bronce', '0000-00-00', '', 3),
(84, 84, 'plata', '0000-00-00', '', 2),
(85, 85, 'plata', '0000-00-00', '', 2),
(86, 86, 'plata', '0000-00-00', '', 2),
(87, 87, 'oro', '0000-00-00', '', 1),
(88, 88, 'oro', '0000-00-00', '', 1),
(89, 89, 'oro', '0000-00-00', '', 1),
(90, 90, 'bronce', '0000-00-00', '', 3),
(91, 91, 'oro', '0000-00-00', '', 1),
(92, 92, 'oro', '0000-00-00', '', 1),
(93, 93, 'oro', '0000-00-00', '', 1),
(94, 94, 'oro', '0000-00-00', '', 1),
(95, 95, 'oro', '0000-00-00', '', 1),
(96, 96, 'oro', '0000-00-00', '', 1),
(97, 97, 'bronce', '0000-00-00', '', 3),
(98, 98, 'plata', '0000-00-00', '', 2),
(99, 99, 'plata', '0000-00-00', '', 2),
(100, 100, 'oro', '0000-00-00', '', 1),
(101, 101, 'oro', '0000-00-00', '', 1),
(102, 102, 'oro', '0000-00-00', '', 1),
(103, 103, 'bronce', '0000-00-00', '', 3),
(104, 104, 'bronce', '0000-00-00', '', 3),
(105, 105, 'bronce', '0000-00-00', '', 3),
(106, 106, 'plata', '0000-00-00', '', 2),
(107, 107, 'plata', '0000-00-00', '', 2),
(108, 108, 'plata', '0000-00-00', '', 2),
(109, 109, 'bronce', '0000-00-00', '', 3),
(110, 110, 'plata', '0000-00-00', '', 2),
(111, 111, 'plata', '0000-00-00', '', 2),
(112, 112, 'bronce', '0000-00-00', '', 3),
(113, 113, 'oro', '0000-00-00', '', 1),
(114, 114, 'oro', '0000-00-00', '', 1),
(115, 115, 'oro', '0000-00-00', '', 1),
(116, 116, 'bronce', '0000-00-00', '', 3),
(117, 117, 'bronce', '0000-00-00', '', 3),
(118, 118, 'plata', '0000-00-00', '', 2),
(119, 119, 'bronce', '0000-00-00', '', 3),
(120, 120, 'plata', '0000-00-00', '', 2),
(121, 121, 'bronce', '0000-00-00', '', 3),
(122, 122, 'plata', '0000-00-00', '', 2),
(123, 123, 'bronce', '0000-00-00', '', 3),
(124, 124, 'oro', '0000-00-00', '', 1),
(125, 125, 'oro', '0000-00-00', '', 1),
(126, 126, 'plata', '0000-00-00', '', 2),
(127, 127, 'oro', '0000-00-00', '', 1),
(128, 128, 'plata', '0000-00-00', '', 2),
(129, 129, 'oro', '0000-00-00', '', 1),
(130, 130, 'bronce', '0000-00-00', '', 3),
(131, 131, 'oro', '0000-00-00', '', 1),
(132, 132, 'bronce', '0000-00-00', '', 3),
(133, 133, 'oro', '0000-00-00', '', 1),
(134, 134, 'plata', '0000-00-00', '', 2),
(135, 135, 'oro', '0000-00-00', '', 1),
(136, 136, 'oro', '0000-00-00', '', 1),
(137, 137, 'plata', '0000-00-00', '', 2),
(138, 138, 'plata', '0000-00-00', '', 2),
(139, 139, 'bronce', '0000-00-00', '', 3),
(140, 140, 'bronce', '0000-00-00', '', 3),
(141, 141, 'bronce', '0000-00-00', '', 3),
(142, 142, 'bronce', '0000-00-00', '', 3),
(143, 143, 'plata', '0000-00-00', '', 2),
(144, 144, 'plata', '0000-00-00', '', 2),
(145, 145, 'oro', '0000-00-00', '', 1),
(146, 146, 'bronce', '0000-00-00', '', 3),
(147, 147, 'plata', '0000-00-00', '', 2),
(148, 148, 'bronce', '0000-00-00', '', 3),
(149, 149, 'oro', '0000-00-00', '', 1),
(150, 150, 'plata', '0000-00-00', '', 2),
(151, 151, 'oro', '0000-00-00', '', 1),
(152, 152, 'plata', '0000-00-00', '', 2),
(153, 153, 'bronce', '0000-00-00', '', 3),
(154, 154, 'bronce', '0000-00-00', '', 3),
(155, 155, 'oro', '0000-00-00', '', 1),
(156, 156, 'bronce', '0000-00-00', '', 3),
(157, 157, 'oro', '0000-00-00', '', 1),
(158, 158, 'bronce', '0000-00-00', '', 3),
(159, 159, 'plata', '0000-00-00', '', 2),
(160, 160, 'plata', '0000-00-00', '', 2),
(161, 161, 'plata', '0000-00-00', '', 2),
(162, 162, 'bronce', '0000-00-00', '', 3),
(163, 163, 'bronce', '0000-00-00', '', 3),
(164, 164, 'plata', '0000-00-00', '', 2),
(165, 165, 'bronce', '0000-00-00', '', 3),
(166, 166, 'bronce', '0000-00-00', '', 3),
(167, 167, 'oro', '0000-00-00', '', 1),
(168, 168, 'oro', '0000-00-00', '', 1),
(169, 169, 'oro', '0000-00-00', '', 1),
(170, 170, 'plata', '0000-00-00', '', 2),
(171, 171, 'bronce', '0000-00-00', '', 3),
(172, 172, 'oro', '0000-00-00', '', 1),
(173, 173, 'plata', '0000-00-00', '', 2),
(174, 174, 'bronce', '0000-00-00', '', 3),
(175, 175, 'oro', '0000-00-00', '', 1),
(176, 176, 'plata', '0000-00-00', '', 2),
(177, 177, 'bronce', '0000-00-00', '', 3),
(178, 178, 'oro', '0000-00-00', '', 1),
(179, 179, 'plata', '0000-00-00', '', 2),
(180, 180, 'bronce', '0000-00-00', '', 3),
(181, 181, 'oro', '0000-00-00', '', 1),
(182, 182, 'plata', '0000-00-00', '', 2),
(183, 183, 'bronce', '0000-00-00', '', 3),
(184, 184, 'oro', '0000-00-00', '', 1),
(185, 185, 'plata', '0000-00-00', '', 2),
(186, 186, 'bronce', '0000-00-00', '', 3),
(187, 187, 'oro', '0000-00-00', '', 1),
(188, 188, 'plata', '0000-00-00', '', 2),
(189, 189, 'bronce', '0000-00-00', '', 3),
(190, 190, 'oro', '0000-00-00', '', 1),
(191, 191, 'plata', '0000-00-00', '', 2),
(192, 192, 'bronce', '0000-00-00', '', 3),
(193, 193, 'oro', '0000-00-00', '', 1),
(194, 194, 'plata', '0000-00-00', '', 2),
(195, 195, 'bronce', '0000-00-00', '', 3),
(196, 196, 'oro', '0000-00-00', '', 1),
(197, 197, 'plata', '0000-00-00', '', 2),
(198, 198, 'bronce', '0000-00-00', '', 3),
(199, 199, 'oro', '0000-00-00', '', 1),
(200, 200, 'plata', '0000-00-00', '', 2),
(201, 201, 'bronce', '0000-00-00', '', 3),
(202, 224, 'mundial', '0000-00-00', '9.58', 1),
(203, 225, 'mundial', '0000-00-00', '19.19', 1),
(204, 226, 'mundial', '0000-00-00', '31.48', 1),
(205, 227, 'mundial', '0000-00-00', '43.18', 1),
(206, 228, 'mundial', '0000-00-00', '1:12.81', 1),
(207, 229, 'mundial', '0000-00-00', '1:41.09', 1),
(208, 230, 'mundial', '0000-00-00', '2:11.96', 1),
(209, 231, 'mundial', '0000-00-00', '3:26.00', 1),
(210, 232, 'mundial', '0000-00-00', '3:43.13', 1),
(211, 233, 'mundial', '0000-00-00', '4:44.79', 1),
(212, 234, 'mundial', '0000-00-00', '7:20.67', 1),
(213, 235, 'mundial', '0000-00-00', '7:58.61', 1),
(214, 236, 'mundial', '0000-00-00', '12:37.37', 1),
(215, 237, 'mundial', '0000-00-00', '26:17.53', 1),
(216, 238, 'mundial', '0000-00-00', '2,325', 1),
(217, 239, 'mundial', '0000-00-00', '21285', 1),
(218, 240, 'mundial', '0000-00-00', '1.13.55.8', 1),
(219, 241, 'mundial', '0000-00-00', '1:28.00', 1),
(220, 242, 'mundial', '0000-00-00', '2,43194444444444', 1),
(221, 243, 'mundial', '0000-00-00', '8,53819444444445E-02', 1),
(222, 244, 'mundial', '0000-00-00', '6.13:33', 1),
(223, 245, 'mundial', '0000-00-00', '12.87', 1),
(224, 246, 'mundial', '0000-00-00', '22.55', 1),
(225, 247, 'mundial', '0000-00-00', '46.78', 1),
(226, 248, 'mundial', '0000-00-00', '5:14.43', 1),
(227, 249, 'mundial', '0000-00-00', '7:53.63', 1),
(228, 250, 'mundial', '0000-00-00', '2,45', 1),
(229, 251, 'mundial', '0000-00-00', '6,14', 1),
(230, 252, 'mundial', '0000-00-00', '8,95', 1),
(231, 253, 'mundial', '0000-00-00', '18,29', 1),
(232, 254, 'mundial', '0000-00-00', '23,12', 1),
(233, 255, 'mundial', '0000-00-00', '74,08', 1),
(234, 256, 'mundial', '0000-00-00', '86,74', 1),
(235, 257, 'mundial', '0000-00-00', '98,48', 1),
(236, 258, 'mundial', '0000-00-00', '9026', 1),
(237, 259, 'mundial', '0000-00-00', '10:47.11', 1),
(238, 260, 'mundial', '0000-00-00', '18:17.22', 1),
(239, 261, 'mundial', '0000-00-00', '37:53.09', 1),
(240, 262, 'mundial', '0000-00-00', '15.447 m.', 1),
(241, 263, 'mundial', '0000-00-00', '1h16:36', 1),
(242, 264, 'mundial', '0000-00-00', '2h.01:44.1', 1),
(243, 265, 'mundial', '0000-00-00', '29.572 m', 1),
(244, 266, 'mundial', '0000-00-00', '3h.35:47', 1),
(245, 267, 'mundial', '0000-00-00', '3h.40:57.9', 1),
(246, 268, 'mundial', '0000-00-00', '29.572 m.', 1),
(247, 269, 'mundial', '0000-00-00', '3h.37:41', 1),
(248, 270, 'mundial', '0000-00-00', '3h.40:57.9', 1),
(249, 271, 'mundial', '0000-00-00', '37.04', 1),
(250, 272, 'mundial', '0000-00-00', '1.18.68', 1),
(251, 273, 'mundial', '0000-00-00', '2:54.29', 1),
(252, 274, 'mundial', '0000-00-00', '7.02.43', 1),
(253, 275, 'mundial', '0000-00-00', '14.38.8', 1),
(254, 276, 'mundial', '0000-00-00', '15.49.08', 1),
(255, 277, 'mundial', '0000-00-00', '26:20.31', 1),
(256, 278, 'olimpico', '0000-00-00', '9.69', 1),
(257, 279, 'olimpico', '0000-00-00', '19.30', 1),
(258, 280, 'olimpico', '0000-00-00', '43.50', 1),
(259, 281, 'olimpico', '0000-00-00', '1.43.00', 1),
(260, 282, 'olimpico', '0000-00-00', '3.32.53', 1),
(261, 283, 'olimpico', '0000-00-00', '12:57.82', 1),
(262, 284, 'olimpico', '0000-00-00', '27.01.17', 1),
(263, 285, 'olimpico', '0000-00-00', '2h.06:32', 1),
(264, 286, 'olimpico', '0000-00-00', '12.98', 1),
(265, 287, 'olimpico', '0000-00-00', '46.78', 1),
(266, 288, 'olimpico', '0000-00-00', '8.05.51', 1),
(267, 289, 'olimpico', '0000-00-00', '2.38', 1),
(268, 290, 'olimpico', '0000-00-00', '5.90', 1),
(269, 291, 'olimpico', '0000-00-00', '8.90', 1),
(270, 292, 'olimpico', '0000-00-00', '17.63', 1),
(271, 293, 'olimpico', '0000-00-00', '22.47', 1),
(272, 294, 'olimpico', '0000-00-00', '68.82', 1),
(273, 295, 'olimpico', '0000-00-00', '84.80', 1),
(274, 296, 'olimpico', '0000-00-00', '90,57', 1),
(275, 297, 'olimpico', '0000-00-00', '8847', 1),
(276, 298, 'olimpico', '0000-00-00', '1h.19.57', 1),
(277, 299, 'olimpico', '0000-00-00', '3h.38.29', 1),
(278, 300, 'olimpico', '0000-00-00', '37.10', 1),
(279, 301, 'olimpico', '0000-00-00', '2:55.39', 1),
(280, 302, 'olimpico', '0000-00-00', '10.62', 1),
(281, 303, 'olimpico', '0000-00-00', '21.34', 1),
(282, 304, 'olimpico', '0000-00-00', '48.65', 1),
(283, 305, 'olimpico', '0000-00-00', '1.53.43', 1),
(284, 306, 'olimpico', '0000-00-00', '3.53.96', 1),
(285, 307, 'olimpico', '0000-00-00', '8.26.53', 1),
(286, 308, 'olimpico', '0000-00-00', '31.05.21', 1),
(287, 309, 'olimpico', '0000-00-00', '2h.24.52', 1),
(288, 310, 'olimpico', '0000-00-00', '12.38', 1),
(289, 311, 'olimpico', '0000-00-00', '52.64', 1),
(290, 312, 'olimpico', '0000-00-00', '8:58.81', 1),
(291, 313, 'olimpico', '0000-00-00', '2.03', 1),
(292, 314, 'olimpico', '0000-00-00', '5,05', 1),
(293, 315, 'olimpico', '0000-00-00', '7.40', 1),
(294, 316, 'olimpico', '0000-00-00', '15.39', 1),
(295, 317, 'olimpico', '0000-00-00', '76,34', 1),
(296, 318, 'olimpico', '0000-00-00', '22.41', 1),
(297, 319, 'olimpico', '0000-00-00', '72.30', 1),
(298, 320, 'olimpico', '0000-00-00', '74.68', 1),
(299, 321, 'olimpico', '0000-00-00', '7291', 1),
(300, 322, 'olimpico', '0000-00-00', '44.32', 1),
(301, 323, 'olimpico', '0000-00-00', '41.60', 1),
(302, 324, 'olimpico', '0000-00-00', '3.15.17', 1),
(303, 325, 'mundial', '0000-00-00', '10.49', 1),
(304, 326, 'mundial', '0000-00-00', '21.34', 1),
(305, 327, 'mundial', '0000-00-00', '47.60', 1),
(306, 328, 'mundial', '0000-00-00', '1.53.28', 1),
(307, 329, 'mundial', '0000-00-00', '2.28.98', 1),
(308, 330, 'mundial', '0000-00-00', '3.50.46', 1),
(309, 331, 'mundial', '0000-00-00', '4.12.56', 1),
(310, 332, 'mundial', '0000-00-00', '5.25.36', 1),
(311, 333, 'mundial', '0000-00-00', '8.06.11', 1),
(312, 334, 'mundial', '0000-00-00', '14:11.15', 1),
(313, 335, 'mundial', '0000-00-00', '29.31.78', 1),
(314, 336, 'mundial', '0000-00-00', '18.340m.', 1),
(315, 337, 'mundial', '0000-00-00', '1h.03:21', 1),
(316, 338, 'mundial', '0000-00-00', '1h.29:29.2', 1),
(317, 339, 'mundial', '0000-00-00', '1h.47:05.6', 1),
(318, 340, 'mundial', '0000-00-00', '1h.05:50', 1),
(319, 341, 'mundial', '0000-00-00', '2h.15.25', 1),
(320, 342, 'mundial', '0000-00-00', '7h.00.47', 1),
(321, 343, 'mundial', '0000-00-00', '12.21', 1),
(322, 344, 'mundial', '0000-00-00', '52.34', 1),
(323, 345, 'mundial', '0000-00-00', '6:14.52', 1),
(324, 346, 'mundial', '0000-00-00', '8:58.81', 1),
(325, 347, 'mundial', '0000-00-00', '2,09', 1),
(326, 348, 'mundial', '0000-00-00', '5,06', 1),
(327, 349, 'mundial', '0000-00-00', '7,52', 1),
(328, 350, 'mundial', '0000-00-00', '15,5', 1),
(329, 351, 'mundial', '0000-00-00', '22,63', 1),
(330, 352, 'mundial', '0000-00-00', '76,8', 1),
(331, 353, 'mundial', '0000-00-00', '79,42', 1),
(332, 354, 'mundial', '0000-00-00', '71,7', 1),
(333, 355, 'mundial', '0000-00-00', '7291', 1),
(334, 356, 'mundial', '0000-00-00', '20:13.26', 1),
(335, 357, 'mundial', '0000-00-00', '41:56.23', 1),
(336, 358, 'mundial', '0000-00-00', '1,71111111111111', 1),
(337, 359, 'mundial', '0000-00-00', '1h. 25.41', 1),
(338, 360, 'mundial', '0000-00-00', '41.37', 1),
(339, 361, 'mundial', '0000-00-00', '1.27.46', 1),
(340, 362, 'mundial', '0000-00-00', '3.15.17', 1);

-- --------------------------------------------------------

--
-- Estructura de tabla para la tabla `instalacion`
--

CREATE TABLE IF NOT EXISTS `instalacion` (
  `IdLugar` double NOT NULL,
  `CapacidadInstalacion` int(11) DEFAULT NULL,
  PRIMARY KEY (`IdLugar`)
) ENGINE=InnoDB DEFAULT CHARSET=latin1;

--
-- Volcado de datos para la tabla `instalacion`
--

INSERT INTO `instalacion` (`IdLugar`, `CapacidadInstalacion`) VALUES
(1, 10000),
(2, 12000),
(3, 5000),
(4, 0),
(5, 10000),
(6, 18000),
(7, 78600),
(8, 11800),
(9, 60000),
(10, 25000),
(11, 7500),
(12, 8424),
(13, 5000),
(14, 8000),
(15, 2000),
(16, 15000),
(17, 7577),
(18, 35200),
(19, 5000),
(20, 12000),
(21, 5000),
(22, 10000),
(23, 10000),
(24, 16000),
(25, 12000),
(26, 18000),
(27, 18250),
(28, 6500),
(29, 6500),
(30, 6500),
(31, 9000),
(32, 15000),
(33, 0),
(34, 62160),
(35, 72788),
(36, 44480),
(37, 50000),
(38, 48000);

-- --------------------------------------------------------

--
-- Estructura de tabla para la tabla `integra`
--

CREATE TABLE IF NOT EXISTS `integra` (
  `IdPais` double NOT NULL,
  `IdDelegacion` double NOT NULL,
  KEY `IdPais` (`IdPais`),
  KEY `IdDelegacion` (`IdDelegacion`)
) ENGINE=InnoDB DEFAULT CHARSET=utf8;

--
-- Volcado de datos para la tabla `integra`
--

INSERT INTO `integra` (`IdPais`, `IdDelegacion`) VALUES
(3, 1),
(3, 2),
(3, 3),
(3, 4),
(3, 5),
(3, 6),
(3, 7),
(8, 8),
(12, 9),
(12, 10),
(12, 11),
(24, 12),
(28, 13),
(29, 14),
(31, 15),
(31, 16),
(34, 17),
(36, 18),
(38, 19),
(38, 20),
(39, 21),
(39, 22),
(42, 23),
(45, 24),
(48, 25),
(49, 26),
(49, 27),
(49, 28),
(49, 29),
(51, 30),
(56, 31),
(58, 32),
(59, 33),
(60, 34),
(60, 35),
(60, 36),
(60, 37),
(60, 38),
(60, 39),
(60, 40),
(60, 41),
(60, 43),
(60, 44),
(60, 45),
(60, 46),
(61, 47),
(62, 48),
(62, 49),
(62, 50),
(64, 51),
(66, 52),
(66, 53),
(71, 54),
(71, 55),
(71, 56),
(71, 57),
(71, 58),
(72, 59),
(75, 60),
(83, 61),
(83, 62),
(84, 63),
(86, 64),
(88, 65),
(88, 66),
(98, 67),
(98, 68),
(98, 69),
(98, 70),
(99, 71),
(99, 72),
(99, 73),
(100, 74),
(100, 75),
(100, 76),
(100, 77),
(100, 78),
(102, 79),
(103, 80),
(103, 81),
(103, 82),
(103, 83),
(103, 84),
(103, 85),
(103, 86),
(103, 87),
(114, 88),
(117, 89),
(122, 90),
(122, 91),
(128, 92),
(136, 93),
(137, 94),
(139, 95),
(147, 96),
(147, 97),
(149, 98),
(150, 99),
(150, 100),
(152, 101),
(152, 102),
(152, 103),
(152, 104),
(152, 105),
(161, 106),
(162, 107),
(162, 108),
(162, 109),
(162, 110),
(162, 110),
(162, 110),
(162, 110),
(162, 110),
(162, 110),
(162, 110),
(162, 111),
(162, 112),
(162, 113),
(162, 114),
(162, 115),
(162, 116),
(162, 117),
(162, 118),
(162, 119),
(162, 120),
(178, 121),
(184, 122),
(190, 123),
(191, 124),
(193, 125),
(195, 126),
(195, 127),
(195, 128),
(196, 129),
(198, 130),
(29, 131),
(60, 132),
(1, 133),
(2, 134),
(3, 135),
(4, 136),
(5, 137),
(6, 138),
(7, 139),
(8, 140),
(9, 141),
(10, 142),
(11, 143),
(12, 145),
(13, 146),
(14, 147),
(15, 148),
(17, 149),
(18, 150),
(16, 151),
(19, 152),
(20, 153),
(21, 154),
(22, 155),
(24, 156),
(25, 157),
(26, 158),
(27, 159),
(28, 160),
(29, 161),
(30, 162),
(31, 163),
(32, 164),
(33, 165),
(23, 166),
(205, 167),
(34, 168),
(35, 169),
(36, 170),
(150, 171),
(37, 172),
(38, 173),
(39, 174),
(40, 175),
(41, 176),
(42, 177),
(43, 178),
(157, 179),
(44, 180),
(45, 181),
(46, 182),
(47, 183),
(48, 184),
(49, 185),
(50, 186),
(51, 187),
(52, 188),
(53, 189),
(54, 190),
(55, 191),
(56, 193),
(57, 194),
(58, 195),
(59, 196),
(60, 197),
(61, 198),
(62, 199),
(63, 200),
(64, 201),
(65, 202),
(66, 203),
(67, 204),
(68, 205),
(69, 206),
(70, 207),
(72, 208),
(73, 209),
(74, 210),
(75, 211),
(76, 212),
(78, 213),
(77, 214),
(79, 215),
(80, 216),
(81, 217),
(82, 218),
(83, 219),
(84, 220),
(85, 221),
(87, 222),
(86, 223),
(88, 224),
(89, 225),
(91, 226),
(92, 227),
(93, 228),
(94, 229),
(96, 230),
(95, 231),
(97, 232),
(98, 233),
(99, 234),
(100, 235),
(101, 236),
(102, 237),
(103, 238),
(104, 239),
(105, 240),
(208, 241),
(107, 242),
(108, 243),
(109, 244),
(110, 245),
(111, 246),
(112, 247),
(113, 248),
(114, 249),
(115, 250),
(153, 251),
(116, 252),
(117, 253),
(118, 254),
(119, 255),
(120, 256),
(121, 257),
(122, 258),
(154, 259),
(123, 260),
(124, 261),
(125, 262),
(126, 263),
(127, 264),
(128, 265),
(129, 266),
(130, 267),
(131, 268),
(207, 269),
(132, 270),
(133, 271),
(134, 272),
(135, 273),
(136, 274),
(137, 275),
(138, 276),
(139, 277),
(140, 278),
(141, 279),
(142, 280),
(143, 281),
(144, 282),
(145, 283),
(146, 284),
(147, 285),
(148, 286),
(149, 287),
(71, 288),
(151, 289),
(152, 290),
(158, 291),
(159, 292),
(160, 293),
(161, 294),
(162, 295),
(163, 296),
(164, 297),
(165, 298),
(166, 299),
(168, 300),
(169, 301),
(167, 302),
(170, 303),
(171, 304),
(172, 305),
(173, 306),
(174, 307),
(175, 308),
(176, 309),
(177, 310),
(183, 311),
(178, 312),
(179, 313),
(180, 314),
(181, 315),
(182, 316),
(184, 317),
(185, 318),
(186, 319),
(187, 320),
(188, 321),
(189, 322),
(190, 323),
(191, 324),
(192, 325),
(193, 326),
(194, 327),
(195, 328),
(196, 329),
(197, 330),
(198, 331),
(199, 332),
(200, 333),
(201, 334),
(202, 335),
(156, 336),
(203, 337),
(204, 338);

-- --------------------------------------------------------

--
-- Estructura de tabla para la tabla `integra2`
--

CREATE TABLE IF NOT EXISTS `integra2` (
  `IdPersona` double NOT NULL,
  `IdDelegacion` double NOT NULL,
  KEY `IdPersona` (`IdPersona`),
  KEY `IdDelegacion` (`IdDelegacion`)
) ENGINE=InnoDB DEFAULT CHARSET=utf8;

--
-- Volcado de datos para la tabla `integra2`
--

INSERT INTO `integra2` (`IdPersona`, `IdDelegacion`) VALUES
(1, 94),
(2, 107),
(3, 26),
(4, 13),
(5, 107),
(6, 48),
(7, 130),
(8, 110),
(9, 107),
(10, 110),
(11, 37),
(12, 65),
(13, 34),
(14, 60),
(15, 45),
(16, 48),
(19, 50),
(20, 45),
(21, 126),
(22, 71),
(23, 73),
(24, 110),
(25, 128),
(27, 125),
(28, 125),
(29, 54),
(30, 71),
(31, 21),
(32, 21),
(33, 22),
(34, 107),
(35, 107),
(36, 112),
(37, 34),
(38, 55),
(39, 65),
(40, 35),
(41, 131),
(42, 98),
(43, 67),
(44, 70),
(45, 10),
(46, 48),
(47, 34),
(48, 34),
(49, 48),
(50, 68),
(51, 16),
(52, 18),
(53, 34),
(54, 57),
(55, 91),
(56, 54),
(57, 99),
(58, 54),
(59, 41),
(60, 14),
(61, 14),
(62, 54),
(63, 34),
(64, 4),
(65, 33),
(66, 71),
(67, 113),
(68, 34),
(69, 48),
(70, 49),
(71, 48),
(72, 124),
(73, 21),
(74, 123),
(75, 44),
(76, 40),
(77, 126),
(78, 64),
(79, 24),
(80, 34),
(81, 34),
(82, 1),
(83, 1),
(84, 101),
(85, 2),
(86, 34),
(87, 1),
(88, 23),
(89, 26),
(90, 90),
(92, 108),
(93, 106),
(94, 110),
(95, 114),
(96, 59),
(97, 80),
(98, 80),
(99, 80),
(100, 34),
(101, 65),
(102, 36),
(103, 132),
(105, 39),
(106, 20),
(107, 107),
(108, 47),
(109, 85),
(110, 86),
(111, 80),
(112, 83),
(113, 43),
(114, 95),
(115, 129),
(116, 80),
(117, 107),
(118, 80),
(119, 80),
(120, 4),
(121, 107),
(122, 87),
(123, 97),
(124, 15),
(125, 32),
(126, 102),
(127, 127),
(128, 34),
(129, 107),
(130, 52),
(131, 80),
(132, 21),
(133, 21),
(134, 21),
(135, 118),
(136, 110),
(137, 126),
(138, 82),
(139, 107),
(140, 96),
(141, 8),
(142, 68),
(143, 34),
(144, 117),
(145, 78),
(146, 17),
(147, 52),
(148, 107),
(149, 28),
(150, 34),
(151, 12),
(152, 74),
(153, 74),
(154, 80),
(155, 63),
(156, 84),
(157, 109),
(158, 79),
(159, 92),
(160, 1),
(161, 54),
(162, 54),
(163, 110),
(164, 66),
(165, 1),
(166, 69),
(167, 71),
(168, 62),
(169, 9),
(170, 111),
(171, 25),
(172, 120),
(173, 88),
(174, 107),
(175, 107),
(176, 80),
(177, 122),
(178, 46),
(179, 107),
(180, 103),
(182, 126),
(183, 21),
(184, 58),
(185, 26),
(186, 34),
(187, 6),
(188, 34),
(189, 34),
(190, 43),
(191, 29),
(192, 116),
(193, 83),
(194, 34),
(195, 54),
(196, 51),
(197, 119),
(198, 79),
(199, 100),
(200, 126),
(201, 110),
(202, 30),
(203, 30),
(204, 79),
(205, 107),
(206, 11),
(207, 3),
(209, 1),
(210, 104),
(211, 115),
(212, 77),
(213, 121),
(214, 126),
(215, 74),
(216, 107),
(217, 21),
(218, 26),
(219, 7),
(220, 107),
(221, 27),
(222, 101),
(223, 1),
(224, 1),
(225, 26),
(226, 34),
(227, 75),
(228, 76),
(229, 61),
(231, 31),
(232, 9),
(233, 34),
(234, 56),
(235, 93),
(236, 5),
(237, 34),
(238, 26),
(239, 53),
(241, 34),
(242, 34),
(243, 107),
(244, 92),
(245, 123),
(246, 72),
(247, 21),
(248, 21),
(249, 81),
(250, 9),
(251, 38),
(252, 89),
(253, 71),
(254, 34),
(255, 96),
(256, 38),
(257, 19),
(258, 48),
(259, 107),
(260, 107),
(261, 105),
(262, 21);

-- --------------------------------------------------------

--
-- Estructura de tabla para la tabla `logins`
--

CREATE TABLE IF NOT EXISTS `logins` (
  `username` varchar(20) NOT NULL,
  `pass` varchar(60) NOT NULL,
  PRIMARY KEY (`username`)
) ENGINE=InnoDB DEFAULT CHARSET=utf8;

--
-- Volcado de datos para la tabla `logins`
--

INSERT INTO `logins` (`username`, `pass`) VALUES
('Avenger001', '$2y$10$d4UJldAReAIMVcoeNICCeOq2tRZPys.FNo99QC9CzKx3MP/oYz8qW'),
('Avenger002', '$2y$10$DhnfQNXDop22w737/BNIvuVREGvbPGvZVO.emQTzw2mYNUxrDxAoq');

-- --------------------------------------------------------

--
-- Estructura de tabla para la tabla `lugar`
--

CREATE TABLE IF NOT EXISTS `lugar` (
  `IdLugar` double NOT NULL AUTO_INCREMENT,
  `IdSede` double NOT NULL,
  `NombreLugar` varchar(80) NOT NULL,
  `DireccionLugar` varchar(80) DEFAULT NULL,
  `SitiowebLugar` varchar(50) DEFAULT NULL,
  `LatitudLugar` varchar(12) DEFAULT NULL,
  `LongitudLugar` varchar(12) DEFAULT NULL,
  PRIMARY KEY (`IdLugar`),
  KEY `IdSede` (`IdSede`)
) ENGINE=InnoDB  DEFAULT CHARSET=latin1 AUTO_INCREMENT=104 ;

--
-- Volcado de datos para la tabla `lugar`
--

INSERT INTO `lugar` (`IdLugar`, `IdSede`, `NombreLugar`, `DireccionLugar`, `SitiowebLugar`, `LatitudLugar`, `LongitudLugar`) VALUES
(1, 4, 'Marina Da Glória', 'Avenida Infante Dom Henrique, S/N', 'brmarinas.com.br', '-22.920131', '-43.169862'),
(2, 4, 'Beach Volleyball Arena', 'Av. Atlantica, s/n', 'rio2016.com', '-22.965851', '-43.173604'),
(3, 4, 'Fort Copacabana', 'Praca Coronel Eugenio Franco, 1 - Posto 6 - Copacabana.', 'fortedecopacabana.com', '-22.985866', '-43.187049'),
(4, 4, 'Flamengo Park', 'Av. Rui Barbosa', 'parquedoflamengo.com.br', '-22.941282', '-43.171738'),
(5, 4, 'Lagoa Stadium', 'Av. Borges de Medeiros, 1524', 'rio2016.com', '-22.976311', '-43.217786'),
(6, 1, 'Sambódromo', 'R. Marques de Sapucai - Santo Cristo', 'sambadrome.com', '-22.911442', '-43.196825'),
(7, 1, 'Marcaná Stadium', 'Av. Pres. Castelo Branco, s/n ', 'maracana.com', '-22.911941', '-43.230177'),
(8, 1, 'Maracanãzinho Arena', 'Av. Pres. Castelo Branco, s/n ', 'suderj.rj.gov.br', '-22.913854', '-43.229258'),
(9, 1, ' João Havelange Stadium', '425 Rua José dos Reis,Engenho de Dentro', 'botafogo.com.br', '-22.893156', '-43.292313'),
(10, 3, 'Mountain Bike Centre', 'X-Park,Estr. Mal. Alencastro, 1357 - Ricardo de Albuquerque', 'rio2016.com', '-22.852192', '-43.401018'),
(11, 3, 'Olympic BMX Centre', 'X-Park,Estr. Mal. Alencastro, 1357 - Ricardo de Albuquerque', 'rio2016.com', '-22.846619', '-43.401128'),
(12, 3, 'Whitewater Stadium', 'X-Park,Estr. Mal. Alencastro, 1357 - Ricardo de Albuquerque', 'rio2016.com', '-22.848570', '-43.402637'),
(13, 3, 'Youth Arena', 'Parque Olímpico de Deodoro,Estr. Sao Pedro de Alcantara, 2020 - Vila Militar', 'rio2016.com', '-22.859167', '-43.403850'),
(14, 3, 'Olympic Hockey Centre', 'Parque Olímpico de Deodoro,Estr. Sao Pedro de Alcantara, 2020 - Vila Militar', 'rio2016.com', '-22.860766', '-43.402589'),
(15, 3, 'Deodoro Aquatics Centre', 'Parque Olímpico de Deodoro,Estr. São Pedro de Alcântara, 2020 - Vila Militar', 'rio2016.com', '-22.861752', '-43.403559'),
(16, 3, 'Deodoro Stadium', 'Parque Olímpico de Deodoro,Estr. São Pedro de Alcântara, 2020 - Vila Militar', 'rio2016.com', '-22.860625', '-43.406777'),
(17, 3, 'Olympic Shooting Centre', 'Campo de Instrução de Gericinó, Parque Olímpico de Deodoro,Av. Brasil, 27195 - V', 'rio2016.com', '-22.858416', '-43.409619'),
(18, 3, 'Olympic Equestrian Centre', 'Parque Olímpico de Deodoro,R. Salustiano Silva, 928 - Magalhaes Bastos', 'rio2016.com', '-22.869579', '-43.405880'),
(19, 2, 'Maria Lenk Aquatics Centre', 'Parque Olímpico da Barra,Av. Embaixador Abelardo Bueno, 3401', 'rio2016.com', '-22.974218', '-43.388043'),
(20, 2, 'Rio Olympic Arena', 'Parque Olímpico da Barra,Av. Embaixador Abelardo Bueno, 3401', 'rioarena.com.br', '-22.975462', '-43.390547'),
(21, 2, 'Rio Olympic Velodrome', 'Parque Olímpico da Barra,Av. Embaixador Abelardo Bueno, 3401', 'rio2016.com', '-22.975251', '-43.392414'),
(22, 2, 'Carioca Arena 3', 'Parque Olímpico da Barra,Av. Embaixador Abelardo Bueno, 3401', 'rio2016.com', '-22.976631', '-43.392358'),
(23, 2, 'Carioca Arena 2', 'Parque Olímpico da Barra,Av. Embaixador Abelardo Bueno, 3401', 'rio2016.com', '-22.977688', '-43.392358'),
(24, 2, 'Carioca Arena 1', 'Parque Olímpico da Barra,Av. Embaixador Abelardo Bueno, 3401', 'rio2016.com', '-22.978784', '-43.392358'),
(25, 2, 'Future Arena', 'Parque Olímpico da Barra,Av. Embaixador Abelardo Bueno, 3401', 'rio2016.com', '-22.980504', '-43.392257'),
(26, 2, 'Olympic Aquatics Stadium', 'Parque Olímpico da Barra,Av. Embaixador Abelardo Bueno, 3401', 'rio2016.com', '-22.980968', '-43.394928'),
(27, 2, 'Olympic Tennis Center', 'Parque Olímpico da Barra,Av. Embaixador Abelardo Bueno, 3401', 'rio2016.com', '-22.976231', '-43.395090'),
(28, 2, 'Riocentro - Pavilion 2', 'Riocentro,Av. Salvador Allende, 6555', 'riocentro.com.br', '-22.976066', '-43.411472'),
(29, 2, 'Riocentro - Pavilion 3', 'Riocentro,Av. Salvador Allende, 6555', 'riocentro.com.br', '-22.977249', '-43.412586'),
(30, 2, 'Riocentro - Pavilion 4', 'Riocentro,Av. Salvador Allende, 6555', 'riocentro.com.br', '-22.979104', '-43.413204'),
(31, 2, 'Riocentro - Pavilion 6', 'Riocentro,Av. Salvador Allende, 6555', 'riocentro.com.br', '-22.979898', '-43.411688'),
(32, 2, 'Olympic Golf Course', 'Av. das Americas, S/N', 'rio2016.com', '-23.005002', '-43.406966'),
(33, 2, 'Pontal', 'Av. Gilka Machado esq. Av. Lucio Costa', 'rio2016.com', '-23.032468', '-43.471325'),
(34, 5, 'Mineirao - Belo Horizonte', 'Av. Antônio Abrahão Caran, 1001 - São José,Belo Horizonte', 'minasarena.com.br', '-19.865877', '-43.971132'),
(35, 5, 'Estadio Mane Garrincha - Brasilia', 'Asa Norte,Brasília', '', '-15.783498', '-47.899200'),
(36, 5, 'Arena da Amazonia - Manaus', 'Av. Djalma Batista, 3637 - Flores,Manaus', '', '-30.83233', '-60.028155'),
(37, 5, 'Arena Fonte Nova - Salvador de Bahia', 'Ladeira da Fonte das Pedras, s/n,Nazare,Salvador', 'itaipavaarenafontenova.com.br', '-12.978809', '-38.504371'),
(38, 5, 'Arena Sao Paulo - Sao Paulo', 'Av. Miguel Ignacio Curi, 111 - Artur Alvim,Sao Paulo', 'arenacorinthians.com.br', '-23.545312', '-46.474278'),
(39, 4, 'São Lucas Hospital-Copacabana', 'Condomínio de Hemodinamica,Tv. Frederico Pamplona, 32 ', 'saolucascopacabana.com.br', '-22.972322', '-43.192985'),
(40, 4, 'Upa', 'Rua Siqueira Campos, 129 ', 'saude.rj.gov.br', '-22.967368', '-43.187374'),
(41, 4, 'Pronto Atendimento Unimed Rio', 'Rua Siqueira Campos, 70 A', 'unimedrio.com.br', '-22.967610', '-43.185527'),
(42, 4, 'Centro de Medicina Nuclear da Guanabara', 'Praça Serzedelo Corrêa, 15 ', 'cmng.com.br', '-22.969610', '-43.183514'),
(43, 4, 'Clínica Copacabana Ltda.', 'Galeria Menescal,Av. Nossa Sra. de Copacabana', '', '-22.970712', '-43.186582'),
(44, 4, '686 Gourmet', 'Av. Nossa Sra. de Copacabana, 734 - Copacabana,Rio de Janeiro - RJ,22020-001,Bra', '', '-22.971727', '-43.187649'),
(45, 4, 'Restaurante La Maison', 'Av. Atlântica, 2634 - Copacabana,Rio de Janeiro - RJ,22041-001,Brasil', '', '-22.972612', '-43.186064'),
(46, 4, 'Arataca', 'R. Domingos Ferreira, 41 - Loja B - Copacabana,Rio de Janeiro - RJ,22050-012,Bra', 'rondinella.com.br', '-22.970999', '-43.184879'),
(47, 4, 'Shelanu kosher', 'R. Barata Ribeiro, 489 - Copacabana,Rio de Janeiro - RJ,22040-002,Brasil ', '', '-22.970076', '-43.187503'),
(48, 4, 'Galeto & Cia', 'Av. Nossa Sra. de Copacabana, 462 - Loja C', 'galetoecia.com.br ', '-22.967755', '-43.182843'),
(49, 4, 'Spoleto', 'Rua Figueiredo de Magalhães, 285 - Loja A -', 'spoleto.com.br', '-22.969772', '-43.186701'),
(50, 4, 'La Trattoria', 'R. Fernando Mendes, 7 - Loja A - Copacabana,Rio de Janeiro - RJ,22021-030,Brasil', 'latrattoriario.com.br ', '-22.967996', '-43.180172'),
(51, 4, 'Café 18 do Forte', 'Praça Coronel Eugênio França, 1, Forte de Copacabana ', 'cafe18doforte.com ', '-22.985619', '-43.185862'),
(52, 4, 'Confeitaria Colombo', 'Posto 6,Praça Cel. Eugênio Franco, 01 ', 'confeitariacolombo.com.br', '-22.969775', '-43.185472'),
(53, 4, 'Pizza Hut', 'R. Francisco Otaviano, 23 - Copacabana,Rio de Janeiro - RJ,22080-040,Brasil ', 'pizzahutrio.com.br', '-22.947427', '-43.182900'),
(54, 4, 'Pigalle', 'Av. Atlântica, 4206 - Posto 6 - Copacabana,Rio de Janeiro - RJ,22070-002,Brasil ', 'pigalle.com.br ', '-22.985851', '-43.189511'),
(55, 4, 'New Tokio Sushi Bar', 'Rua Joaquim Nabuco, 14-A, Copacabana,Rio de Janeiro - RJ,22080-030,Brasil ', 'newtokyo.com.br', '-22.985560', '-43.189833'),
(56, 4, 'Brasileirinho', 'R. Jangadeiros, 10 - Ipanema,Rio de Janeiro - RJ,22420-010,Brasil ', 'cozinhatipica.com.br', '-22.985299', '-43.196793'),
(57, 4, 'McDonalds', 'Av. Nossa Sra. de Copacabana, 967 - Copacabana,Rio de Janeiro - RJ,22060-001,Bra', 'mcdonalds.com.br ', '-22.976698', '-43.190143'),
(58, 4, 'Biscuit Doces e Salgados LTDA', 'R. Carvalho de Mendonça, 35 - Copacabana,Rio de Janeiro - RJ,22020-050,Brasil ', 'biscuitdoces.com.br ', '-22.965817', '-43.178927'),
(59, 4, 'Banco Santander S.A.', 'Av. Nossa Sra. de Copacabana, 1099 - ', 'santander.com.br ', '-22.979463', '-43.190891'),
(60, 4, 'HSBC', 'Av. Nossa Sra. de Copacabana, 1246 -', 'hsbc.com.br ', '-22.982535', '-43.191183'),
(61, 4, 'Banco Itaú', 'Av. Atlântica, 4066 - Copacabana,Rio de Janeiro - RJ,22070-001,Brasil ', 'itau.com.br ', '-22.984566', '-43.190024'),
(62, 4, 'Banco Do Brasil', 'R. Visc. de Pirajá, 23 - Ipanema,Rio de Janeiro - RJ,22410-001,Brasil ', 'bb.com.br ', '-22.984915', '-43.196047'),
(63, 4, 'Hotel Biarritz', 'Rua Aires de Saldanha, 54 - Copacabana,Rio de Janeiro - RJ,22060-030,Brasil ', 'biarritzhotel.com.br ', '-22.977354', '-43.189712'),
(64, 4, 'Hotel Golden Tulip Regente', 'Av. Atlântica, 3716 - Copacabana,Rio de Janeiro - RJ,22070-001,Brasil ', 'goldentulipregente.com ', '-22.981339', '-43.190262'),
(65, 4, 'Orla Copacabana Hotel', 'Av. Atlântica, 4122 - Copacabana,Rio de Janeiro - RJ,22070-002,Brasil ', 'orlahotel.com.br ', '-22.985088', '-43.189798'),
(66, 4, 'Hotel Arpoador Inn', 'R. Francisco Otaviano, 177 - Ipanema,Rio de Janeiro - RJ,22080-046,Brasil ', 'arpoadorinn.com.br ', '-22.987844', '-43.193800'),
(67, 4, 'Hotel Cristal Palace', 'R. Francisco Otaviano, 56 - Copacabana,Rio de Janeiro - RJ,22080-040,Brasil ', 'hotelcristalpalace.com.br ', '-22.986834', '-43.191079'),
(68, 4, 'Hotel Mercure', 'Avenida Doutor Mário Guimarães, 520 - Centro,Nova Iguaçu - RJ,26255-230,Brasil ', 'accorhotels.com ', '-22.987236', '-43.190716'),
(69, 4, 'Teatro da Praia', 'R. Francisco Sá, 88 - Copacabana,Rio de Janeiro - RJ,22080-010,Brasil', '', '-22.983474', '-43.193068'),
(70, 1, 'Macarrone', 'Rua Sao Francisco Xavier 232', 'macarrone.com.br', '-22.916202', '-43.227280'),
(71, 1, 'Da Vinci', 'Rua Sao Francisco Xavier, 210- Tijuca', 'ristorantedavinci.com.br', '-22.916263', '-43.226067'),
(72, 1, 'Salete', 'R. Afonso Pena, 189, Tijuca', 'restaurantesalete.com.br', '-22.915327', '-43.220081'),
(73, 1, 'Barraca Do Pepe', 'Avenida Pepe, S/N - Quiosque 11 - Barra da Tijuca', 'pepe.com.br', '-22.921861', '-43.235281'),
(74, 1, 'Casa da Ostra', 'R. Barão de Mesquita, 58 - Tijuca', 'casadaostrarj.com.br', '-22.917652', '-43.229850'),
(75, 1, 'Na Brassa Columbia ', 'R. Hadock Lobo, 346 - Tijuca', 'nabrasacolumbia.com.br', '-22.920632', '-43.217555'),
(76, 1, 'Pizza na Pedra ', 'R. Hadock Lobo, 308 - Tijuca', 'pizzanapedrarj.com.br', '-22.919952', '-43.215977'),
(77, 1, 'Hotel Malaga', 'Rua Barão de Iguatemi, 224/230 - Praca da Bandeira', 'hotelmalaga.com.br', '-22.912386', '-43.214261'),
(78, 1, 'Villa Hostel', 'R. Teodoro da Silva, 379 - Vila Isabel', 'villahostel.com.br', '-22.917486', '-43.244394'),
(79, 1, 'Villa Tijuca Hotel', 'Rua Haddock Lobo, 326 - Tijuca', 'hotelvillatijuca.com.br', '-22.920122', '-43.216772'),
(80, 1, 'Hotel Saionara', 'R. do Matoso, 11 - Praca da Bandeira', 'saionarahotel.com.br', '-22.911452', '-43.213351'),
(81, 2, 'Cervantes', 'Av. das Américas, 5777 - Loja 112', 'restaurantecervantes.com.br', '-23.000733', '-43.371087'),
(82, 2, 'Benkei Sushi', 'Av. das Américas, 4666 - Loja 124 B', 'benkei.com.br', '-22.997296', '-43.360881'),
(83, 2, 'Sí Señor! El auténtico', 'Av. das Américas, 5000 - Barra da Tijuca', 'sisenor.com.br', '-22.999144', '-43.360361'),
(84, 2, 'La Plancha', 'Av. Ayrton Senna, 1791 - Barra da Tijuca', '', '-22.994802', '-43.366599'),
(85, 2, 'Toca da Traíra', '006,Condomínio do Edifício Ocean Mall,Av. Lúcio Costa, 8000', 'tocadatraira.com.br', '-23.010610', '-43.369993'),
(86, 2, 'Fiammetta', 'BarraShopping,Av. das Américas, 4666 - Loja 220', 'fiammetta.com', '-23.001198', '-43.385359'),
(87, 2, 'Mare di Mare', 'Pavilhão G,Av. Ayrton Senna, 1791', 'maredimare.com.br ', '-22.994351', '-43.366599'),
(88, 2, 'Royal Grill', 'Casa Shopping,Av. Ayrton Senna, 2150 - Loja A', '', '-22.992805', '-43.364030'),
(89, 2, 'Barra First Class', 'Condomínio Novo Mundo,Av. das Américas, 7897', 'promenade.com.br ', '-23.001313', '-43.391993'),
(90, 2, 'Grand Hyatt ', 'Av. Lúcio Costa, 9600', 'riodejaneiro.grand.hyatt.com ', '-23.010607', '-43.372028'),
(91, 2, 'Brisa Barra Hotel', 'Av. Lúcio Costa, 5700 - Barra da Tijuca,Rio de Janeiro - RJ,22620-172,Brasil ', 'brisabarrahotel.com.br ', '-23.009756', '-43.353953'),
(92, 2, 'Barra Bella', 'Av. Lúcio Costa, 4700 - Barra da Tijuca,Rio de Janeiro - RJ,22630-011,Brasil ', 'barrabella.com.br ', '-23.009735', '-43.344752'),
(93, 2, 'Hotel Transamérica', 'Av. Gastão Sengés, 395 - Barra da Tijuca,Rio de Janeiro - RJ,22631-280,Brasil ', 'transamericagroup.com.br ', '-23.004582', '-43.341172'),
(94, 2, 'Sheraton Barra - Rio de Janeiro Hotel', 'Av. Lúcio Costa, 3150 - Barra da Tijuca,Rio de Janeiro - RJ,22630-010,Brasil ', 'sheraton-barra.com.br ', '-23.010472', '-43.327027'),
(95, 2, 'BarraShopping', 'Av. das Américas, 4666 - Barra da Tijuca,Rio de Janeiro - RJ,22640-102,Brasil ', 'barrashopping.com.br ', '-22.997673', '-43.358127'),
(96, 2, 'Casa Shopping', 'Av. Ayrton Senna, 2150 - Barra da Tijuca,Rio de Janeiro - RJ,22775-900,Brasil ', 'casashopping.com ', '-22.992856', '-43.364151'),
(97, 2, 'Hospital Vitória', 'Avenida Jorge Curi, 550 - Barra da Tijuca,Rio de Janeiro - RJ,22775-001,Brasil ', 'hvitoriarj.com.br ', '-22.992943', '-43.370570'),
(98, 2, 'Hospital Municipal Lourenço Jorge', 'Av. Ayrton Senna, 2000 - Barra da Tijuca,Rio de Janeiro - RJ,22793-000,Brasil ', 'cnes.datasus.gov.br ', '-22.994942', '-43.364415'),
(99, 2, 'Hospital Unimed Rio', 'Av. Ayrton Senna, 2550 - Barra da Tijuca,Rio de Janeiro - RJ,22775-003,Brasil ', 'unimedrio.com.br ', '-22.989106', '-43.364198'),
(100, 2, 'Hospital Barra DOr', 'Av. Ayrton Senna, 3079 - Barra da Tijuca,Rio de Janeiro - RJ,22775-002,Brasil ', 'barrador.com.br ', '-22.983385', '-43.366621'),
(101, 2, 'Teatro Bradesco', 'VillageMall,Av. das Américas, 3900 - 160 - Barra da Tijuca,Rio de Janeiro ', 'teatrobradescorio.com.br ', '-22.997058', '-43.351247'),
(102, 5, 'Desconocido', '', '', '0.0000000', '0.0000000'),
(103, 1, 'cachobar', 'hgikljohytko', 'tyhrtnrtur', '', '');

-- --------------------------------------------------------

--
-- Estructura de tabla para la tabla `oficina`
--

CREATE TABLE IF NOT EXISTS `oficina` (
  `IdLugar` double NOT NULL,
  PRIMARY KEY (`IdLugar`)
) ENGINE=InnoDB DEFAULT CHARSET=latin1;

-- --------------------------------------------------------

--
-- Estructura de tabla para la tabla `operador`
--

CREATE TABLE IF NOT EXISTS `operador` (
  `IdPersona` double NOT NULL,
  PRIMARY KEY (`IdPersona`)
) ENGINE=InnoDB DEFAULT CHARSET=latin1;

-- --------------------------------------------------------

--
-- Estructura de tabla para la tabla `pais`
--

CREATE TABLE IF NOT EXISTS `pais` (
  `IdPais` double NOT NULL AUTO_INCREMENT,
  `IdRegion` double NOT NULL,
  `NombrePais` varchar(40) NOT NULL,
  `CodigoPais` varchar(3) NOT NULL,
  PRIMARY KEY (`IdPais`),
  UNIQUE KEY `CodigoPais` (`CodigoPais`),
  KEY `IdRegion` (`IdRegion`)
) ENGINE=InnoDB  DEFAULT CHARSET=latin1 AUTO_INCREMENT=209 ;

--
-- Volcado de datos para la tabla `pais`
--

INSERT INTO `pais` (`IdPais`, `IdRegion`, `NombrePais`, `CodigoPais`) VALUES
(1, 5, 'Afganistan', 'AFG'),
(2, 6, 'Albania', 'ALB'),
(3, 6, 'Alemania', 'GER'),
(4, 6, 'Andorra', 'AND'),
(5, 1, 'Angola', 'ANG'),
(6, 2, 'Antigua y Barbuda', 'ANT'),
(7, 5, 'Arabia Saudi', 'KSA'),
(8, 1, 'Argelia', 'ALG'),
(9, 4, 'Argentina', 'ARG'),
(10, 5, 'Armenia', 'ARM'),
(11, 2, 'Aruba', 'ARU'),
(12, 7, 'Australia', 'AUS'),
(13, 6, 'Austria', 'AUT'),
(14, 5, 'Azerbaiyan', 'AZE'),
(15, 2, 'Bahamas', 'BAH'),
(16, 5, 'Bahrein', 'BRN'),
(17, 5, 'Bangladesh', 'BAN'),
(18, 2, 'Barbados', 'BAR'),
(19, 6, 'Bélgica', 'BEL'),
(20, 2, 'Belize', 'BIZ'),
(21, 1, 'Benin', 'BEN'),
(22, 3, 'Bermudas', 'BER'),
(23, 5, 'Bhutan', 'BHU'),
(24, 6, 'Biolerrusia', 'BLR'),
(25, 5, 'Birmania', 'BIR'),
(26, 4, 'Bolivia', 'BOL'),
(27, 6, 'Bosnia-Herzegovina', 'BIH'),
(28, 1, 'Botswana', 'BOT'),
(29, 4, 'Brasil', 'BRA'),
(30, 5, 'Brunéi', 'BRU'),
(31, 6, 'Bulgaria', 'BUL'),
(32, 1, 'Burkina Faso', 'BUR'),
(33, 1, 'Burundi', 'BDI'),
(34, 5, 'Camboya', 'CAM'),
(35, 1, 'Camerun', 'CMR'),
(36, 3, 'Canada', 'CAN'),
(37, 1, 'Chad', 'CHA'),
(38, 4, 'Chile', 'CHI'),
(39, 5, 'China', 'CHN'),
(40, 5, 'China Taipei', 'TPE'),
(41, 6, 'Chipre', 'CYP'),
(42, 4, 'Colombia', 'COL'),
(43, 1, 'Comoras', 'COM'),
(44, 5, 'Corea del Norte', 'PRK'),
(45, 5, 'Corea del Sur', 'KOR'),
(46, 1, 'Costa de Marfil', 'CIV'),
(47, 2, 'Costa Rica', 'CRC'),
(48, 6, 'Croacia', 'CRO'),
(49, 2, 'Cuba', 'CUB'),
(50, 6, 'Dinamarca', 'DEN'),
(51, 2, 'Dominica', 'DMA'),
(52, 4, 'Ecuador', 'ECU'),
(53, 1, 'Egipto', 'EGY'),
(54, 2, 'El Salvador', 'ESA'),
(55, 5, 'Emiratos Arabes Unidos', 'UAE'),
(56, 1, 'Eritrea', 'ERI'),
(57, 6, 'Eslovaquia', 'SKV'),
(58, 6, 'Eslovenia', 'SLO'),
(59, 6, 'España', 'ESP'),
(60, 3, 'Estados Unidos', 'USA'),
(61, 6, 'Estonia', 'EST'),
(62, 1, 'Etiopia', 'ETH'),
(63, 5, 'Filipinas', 'PHI'),
(64, 6, 'Finlandia', 'FIN'),
(65, 7, 'Fiyi', 'FIJ'),
(66, 6, 'Francia', 'FRA'),
(67, 1, 'Gabón', 'GAB'),
(68, 1, 'Gambia', 'GAM'),
(69, 6, 'Georgia', 'GEO'),
(70, 1, 'Ghana', 'GHA'),
(71, 6, 'Gran Bretaña', 'GBR'),
(72, 2, 'Granada', 'GRA'),
(73, 6, 'Grecia', 'GRE'),
(74, 7, 'Guam', 'GUM'),
(75, 2, 'Guatemala', 'GUA'),
(76, 1, 'Guinea', 'GUI'),
(77, 1, 'Guinea Ecuatorial', 'GEQ'),
(78, 1, 'Guinea-Bissau', 'GBS'),
(79, 4, 'Guyana', 'GUY'),
(80, 2, 'Haiti', 'HAI'),
(81, 2, 'Honduras', 'HON'),
(82, 5, 'Hong Kong', 'HKG'),
(83, 6, 'Hungria', 'HUN'),
(84, 5, 'India', 'IND'),
(85, 5, 'Indonesia', 'INA'),
(86, 5, 'Iran', 'IRI'),
(87, 5, 'Iraq', 'IRQ'),
(88, 6, 'Irlanda', 'IRL'),
(89, 6, 'Islandia', 'ISL'),
(90, 1, 'Islas Cabo Verde', 'CPV'),
(91, 2, 'Islas Caiman', 'CAY'),
(92, 7, 'Islas Cook', 'COK'),
(93, 7, 'Islas Marshall', 'MHL'),
(94, 7, 'Islas Salomon', 'SOL'),
(95, 2, 'Islas Virgenes Americanas', 'ISV'),
(96, 2, 'Islas Virgenes Britanicas', 'IVB'),
(97, 5, 'Israel', 'ISR'),
(98, 6, 'Italia', 'ITA'),
(99, 2, 'Jamaica', 'JAM'),
(100, 5, 'Japon', 'JPN'),
(101, 5, 'Jordania', 'JOR'),
(102, 5, 'Kazajstan', 'KAZ'),
(103, 1, 'Kenia', 'KEN'),
(104, 5, 'Kirguistán', 'KGZ'),
(105, 7, 'Kiribati', 'KIR'),
(106, 5, 'Kuwait', 'KUW'),
(107, 5, 'Laos', 'LAO'),
(108, 1, 'Lesotho', 'LES'),
(109, 6, 'Letonia', 'LAT'),
(110, 5, 'Libano', 'LIB'),
(111, 1, 'Liberia', 'LBR'),
(112, 1, 'Libia', 'LBA'),
(113, 6, 'Liechtenstein', 'LIE'),
(114, 6, 'Lituania', 'LTU'),
(115, 6, 'Luxemburgo', 'LUX'),
(116, 1, 'Madagascar', 'MAD'),
(117, 5, 'Malasia', 'MAS'),
(118, 1, 'Malawi', 'MAW'),
(119, 5, 'Maldivas', 'MDV'),
(120, 1, 'Mali', 'MLI'),
(121, 6, 'Malta', 'MLT'),
(122, 1, 'Marruecos', 'MAR'),
(123, 1, 'Mauritania', 'MTN'),
(124, 3, 'Mexico', 'MEX'),
(125, 7, 'Micronesia', 'FSM'),
(126, 6, 'Moldavia', 'MDA'),
(127, 6, 'Monaco', 'MON'),
(128, 5, 'Mongolia', 'MGL'),
(129, 6, 'Montenegro', 'MNE'),
(130, 1, 'Mozambique', 'MOZ'),
(131, 1, 'Namibia', 'NAM'),
(132, 5, 'Nepal', 'NEP'),
(133, 2, 'Nicaragua', 'NRU'),
(134, 1, 'Niger', 'NIG'),
(135, 1, 'Nigeria', 'NGR'),
(136, 6, 'Noruega', 'NOR'),
(137, 7, 'Nueva Zelanda', 'NZL'),
(138, 5, 'Omán', 'OMA'),
(139, 6, 'Paises Bajos', 'NED'),
(140, 5, 'Pakistan', 'PAK'),
(141, 7, 'Palau', 'PLW'),
(142, 5, 'Palestina', 'PLE'),
(143, 2, 'Panama', 'PAN'),
(144, 7, 'Papua Nueva Guinea', 'PNG'),
(145, 4, 'Paraguay', 'PAR'),
(146, 4, 'Peru', 'PER'),
(147, 6, 'Polonia', 'POL'),
(148, 6, 'Portugal', 'POR'),
(149, 2, 'Puerto Rico', 'PUR'),
(150, 5, 'Qatar', 'QAT'),
(151, 1, 'República Centroafricana', 'CAF'),
(152, 6, 'Republica Checa', 'CZE'),
(153, 6, 'Republica de Macedonia', 'MKD'),
(154, 1, 'República de Mauricio', 'MRI'),
(155, 7, 'República de Nauru', 'NUR'),
(156, 1, 'República de Yibuti', 'DJI'),
(157, 1, 'Republica del Congo', 'CGO'),
(158, 1, 'Republica Dem. Congo', 'COD'),
(159, 2, 'Republica Dominicana', 'DOM'),
(160, 1, 'Ruanda', 'RWA'),
(161, 6, 'Rumania', 'ROU'),
(162, 5, 'Rusia', 'RUS'),
(163, 7, 'Samoa', 'SAM'),
(164, 7, 'Samoa Americana', 'ASA'),
(165, 2, 'San Cristobal y Nevis', 'SKN'),
(166, 6, 'San Marino', 'SMR'),
(167, 1, 'San Tomey Principe', 'STP'),
(168, 2, 'San Vincente y Granadinas', 'VIN'),
(169, 2, 'Santa Lucia', 'LCA'),
(170, 1, 'Senegal', 'SEN'),
(171, 6, 'Serbia', 'SRB'),
(172, 1, 'Seychelles', 'SEY'),
(173, 1, 'Sierra Leona', 'SLE'),
(174, 5, 'Singapur', 'SIN'),
(175, 5, 'Siria', 'SYR'),
(176, 1, 'Somalia', 'SOM'),
(177, 5, 'Sri Lanka', 'SRI'),
(178, 1, 'Sudafrica', 'RSA'),
(179, 1, 'Sudan', 'SUD'),
(180, 6, 'Suecia', 'SWE'),
(181, 6, 'Suiza', 'SUI'),
(182, 4, 'Surinam', 'SUR'),
(183, 1, 'Swazilandia', 'SWZ'),
(184, 5, 'Tailandia', 'THA'),
(185, 1, 'Tanzania', 'TAN'),
(186, 5, 'Tayikistán', 'TJK'),
(187, 5, 'Timor Oriental', 'TLS'),
(188, 1, 'Togo', 'TOG'),
(189, 7, 'Tonga', 'TGA'),
(190, 2, 'Trinidad y Tobago', 'TRI'),
(191, 1, 'Tunez', 'TUN'),
(192, 5, 'Turkmenistán', 'TKM'),
(193, 5, 'Turquia', 'TUR'),
(194, 7, 'Tuvalu', 'TUV'),
(195, 6, 'Ucrania', 'UKR'),
(196, 1, 'Uganda', 'UGA'),
(197, 4, 'Uruguay', 'URU'),
(198, 5, 'Uzbekistan', 'UZB'),
(199, 7, 'Vanuatu', 'VAN'),
(200, 4, 'Venezuela', 'VEN'),
(201, 5, 'Vietnam', 'VIE'),
(202, 5, 'Yemen', 'YEM'),
(203, 1, 'Zambia', 'ZAM'),
(204, 1, 'Zimbabwe', 'ZIM'),
(205, 1, 'Cabo Verde', 'CVE'),
(207, 7, 'Nauru', 'NR'),
(208, 6, 'Kosovo', 'KOS');

-- --------------------------------------------------------

--
-- Estructura de tabla para la tabla `participante`
--

CREATE TABLE IF NOT EXISTS `participante` (
  `IdPersona` double NOT NULL,
  `IdPais` double NOT NULL,
  PRIMARY KEY (`IdPersona`),
  KEY `IdPais` (`IdPais`)
) ENGINE=InnoDB DEFAULT CHARSET=latin1;

--
-- Volcado de datos para la tabla `participante`
--

INSERT INTO `participante` (`IdPersona`, `IdPais`) VALUES
(64, 3),
(82, 3),
(83, 3),
(85, 3),
(87, 3),
(120, 3),
(160, 3),
(165, 3),
(187, 3),
(207, 3),
(209, 3),
(219, 3),
(223, 3),
(224, 3),
(236, 3),
(141, 8),
(45, 12),
(169, 12),
(206, 12),
(232, 12),
(250, 12),
(151, 24),
(4, 28),
(41, 29),
(60, 29),
(61, 29),
(51, 31),
(124, 31),
(146, 34),
(52, 36),
(106, 38),
(257, 38),
(31, 39),
(32, 39),
(33, 39),
(73, 39),
(132, 39),
(133, 39),
(134, 39),
(183, 39),
(217, 39),
(247, 39),
(248, 39),
(262, 39),
(88, 42),
(79, 45),
(171, 48),
(3, 49),
(89, 49),
(149, 49),
(185, 49),
(191, 49),
(218, 49),
(221, 49),
(225, 49),
(238, 49),
(202, 51),
(203, 51),
(231, 56),
(125, 58),
(65, 59),
(11, 60),
(13, 60),
(15, 60),
(20, 60),
(37, 60),
(40, 60),
(47, 60),
(48, 60),
(53, 60),
(59, 60),
(63, 60),
(68, 60),
(75, 60),
(76, 60),
(80, 60),
(81, 60),
(86, 60),
(100, 60),
(102, 60),
(103, 60),
(105, 60),
(113, 60),
(128, 60),
(143, 60),
(150, 60),
(178, 60),
(186, 60),
(188, 60),
(189, 60),
(190, 60),
(194, 60),
(226, 60),
(233, 60),
(237, 60),
(241, 60),
(242, 60),
(251, 60),
(254, 60),
(256, 60),
(108, 61),
(6, 62),
(16, 62),
(19, 62),
(46, 62),
(49, 62),
(69, 62),
(70, 62),
(71, 62),
(258, 62),
(196, 64),
(130, 66),
(147, 66),
(239, 66),
(29, 71),
(38, 71),
(54, 71),
(56, 71),
(58, 71),
(62, 71),
(161, 71),
(162, 71),
(184, 71),
(195, 71),
(234, 71),
(96, 72),
(14, 75),
(168, 83),
(229, 83),
(155, 84),
(78, 86),
(12, 88),
(39, 88),
(101, 88),
(164, 88),
(43, 98),
(44, 98),
(50, 98),
(142, 98),
(166, 98),
(22, 99),
(23, 99),
(30, 99),
(66, 99),
(167, 99),
(246, 99),
(253, 99),
(145, 100),
(152, 100),
(153, 100),
(212, 100),
(215, 100),
(227, 100),
(228, 100),
(158, 102),
(198, 102),
(204, 102),
(97, 103),
(98, 103),
(99, 103),
(109, 103),
(110, 103),
(111, 103),
(112, 103),
(116, 103),
(118, 103),
(119, 103),
(122, 103),
(131, 103),
(138, 103),
(154, 103),
(156, 103),
(176, 103),
(193, 103),
(249, 103),
(173, 114),
(252, 117),
(55, 122),
(90, 122),
(159, 128),
(244, 128),
(235, 136),
(1, 137),
(114, 139),
(123, 147),
(140, 147),
(255, 147),
(42, 149),
(57, 150),
(199, 150),
(84, 152),
(126, 152),
(180, 152),
(210, 152),
(222, 152),
(261, 152),
(93, 161),
(2, 162),
(5, 162),
(8, 162),
(9, 162),
(10, 162),
(24, 162),
(34, 162),
(35, 162),
(36, 162),
(67, 162),
(92, 162),
(94, 162),
(95, 162),
(107, 162),
(117, 162),
(121, 162),
(129, 162),
(135, 162),
(136, 162),
(139, 162),
(144, 162),
(148, 162),
(157, 162),
(163, 162),
(170, 162),
(172, 162),
(174, 162),
(175, 162),
(179, 162),
(192, 162),
(197, 162),
(201, 162),
(205, 162),
(211, 162),
(216, 162),
(220, 162),
(243, 162),
(259, 162),
(260, 162),
(213, 178),
(177, 184),
(74, 190),
(245, 190),
(72, 191),
(27, 193),
(28, 193),
(21, 195),
(25, 195),
(77, 195),
(127, 195),
(137, 195),
(182, 195),
(200, 195),
(214, 195),
(115, 196),
(7, 198);

-- --------------------------------------------------------

--
-- Estructura de tabla para la tabla `persona`
--

CREATE TABLE IF NOT EXISTS `persona` (
  `IdPersona` double NOT NULL AUTO_INCREMENT,
  `NombreUsuario` varchar(20) NOT NULL,
  `CorreoPersona` varchar(40) NOT NULL,
  `NombrePersona` varchar(50) DEFAULT NULL,
  `ApellidoPersona` varchar(50) DEFAULT NULL,
  `FotoPersona` varchar(40) DEFAULT NULL,
  `Estado` tinyint(1) NOT NULL,
  `sexo` enum('hombre','mujer') NOT NULL,
  PRIMARY KEY (`IdPersona`)
) ENGINE=InnoDB  DEFAULT CHARSET=latin1 AUTO_INCREMENT=303 ;

--
-- Volcado de datos para la tabla `persona`
--

INSERT INTO `persona` (`IdPersona`, `NombreUsuario`, `CorreoPersona`, `NombrePersona`, `ApellidoPersona`, `FotoPersona`, `Estado`, `sexo`) VALUES
(1, '', '', 'Valerie', 'Adams', '', 0, 'mujer'),
(2, '', '', 'Misha', 'Aloian', '', 0, 'hombre'),
(3, '', '', 'Lazaro', 'Alvarez Estrada', '', 0, 'hombre'),
(4, '', '', 'Nijel', 'Amos ', '', 0, 'hombre'),
(5, '', '', 'Natalya', 'Antyukh', '', 0, 'mujer'),
(6, '', '', 'Sofia', 'Assefa', '', 0, 'mujer'),
(7, '', '', 'Abbos', 'Atoev', '', 0, 'hombre'),
(8, '', '', 'Gennady', 'Avdeyenko', '', 0, 'hombre'),
(9, '', '', 'David ', 'Ayrapetyan', '', 0, 'mujer'),
(10, '', '', 'Olga', 'Bandorenko', '', 0, 'hombre'),
(11, '', '', 'Randy', 'Barnes', '', 0, 'hombre'),
(12, '', '', 'Paddy', 'Barnes', '', 0, 'hombre'),
(13, '', '', 'Brigetta', 'Barrett', '', 0, 'mujer'),
(14, '', '', 'Erick', 'Barrondo', '', 0, 'hombre'),
(15, '', '', 'Bob', 'Beamon', '', 0, 'hombre'),
(16, '', '', 'Tariku', 'Bekele', '', 0, 'hombre'),
(19, '', '', 'Kenenisa', 'Bekele ', '', 0, 'hombre'),
(20, '', '', 'Joan', 'Benoit', '', 0, 'mujer'),
(21, '', '', 'Denys', 'Berinchyk', '', 0, 'hombre'),
(22, '', '', 'Yohan ', 'Blake', '', 0, 'hombre'),
(23, '', '', 'Usain ', 'Bolt', '', 0, 'hombre'),
(24, '', '', 'Olga', 'Bryzgina', '', 0, 'mujer'),
(25, '', '', 'Sergey', 'Bubka', '', 0, 'hombre'),
(27, '', '', 'Gamze', 'Bulut', '', 0, 'mujer'),
(28, '', '', 'Asli', 'Cakir Alptekin', '', 0, 'mujer'),
(29, '', '', 'Luke', 'Campbell', '', 0, 'hombre'),
(30, '', '', 'Veronica', 'Campbell-Brown', '', 0, 'mujer'),
(31, '', '', 'Ding', 'Chen', '', 0, 'hombre'),
(32, '', '', 'Long', 'Chen', '', 0, 'hombre'),
(33, '', '', 'Yueling', 'Chen', '', 0, 'mujer'),
(34, '', '', 'Tatyana', 'Chernova', '', 0, 'mujer'),
(35, '', '', 'Anna', 'Chicherova', '', 0, 'mujer'),
(36, '', '', 'Galina', 'Chistyakova', '', 0, 'mujer'),
(37, '', '', 'Will', 'Claye', '', 0, 'hombre'),
(38, '', '', 'Sebastián', 'Coe', '', 0, 'hombre'),
(39, '', '', 'Michael', 'Conlan', '', 0, 'hombre'),
(40, '', '', 'Mike', 'Conley', '', 0, 'hombre'),
(41, '', '', 'Joaquín', 'Cruz', '', 0, 'hombre'),
(42, '', '', 'Javier', 'Culson', '', 0, 'hombre'),
(43, '', '', 'Maurizio', 'Damilano', '', 0, 'hombre'),
(44, '', '', 'Giovanni', 'De Benedictis', '', 0, 'hombre'),
(45, '', '', 'Nathan', 'Deakes', '', 0, 'hombre'),
(46, '', '', 'Meseret', 'Defar', '', 0, 'mujer'),
(47, '', '', 'Janay', 'Deloach', '', 0, 'mujer'),
(48, '', '', 'Lashinda', 'Demus', '', 0, 'mujer'),
(49, '', '', 'Tirunesh', 'Dibaba', '', 0, 'mujer'),
(50, '', '', 'Fabrizio', 'Donato', '', 0, 'hombre'),
(51, '', '', 'Yordanka', 'Donkova', '', 0, 'mujer'),
(52, '', '', 'Derek', 'Drouin', '', 0, 'hombre'),
(53, '', '', 'Ashton', 'Eaton', '', 0, 'hombre'),
(54, '', '', 'Jonathan', 'Edwards', '', 0, 'hombre'),
(55, '', '', 'Hicham', 'El Guerrouj ', '', 0, 'hombre'),
(56, '', '', 'Jessica', 'Ennis', '', 0, 'mujer'),
(57, '', '', 'Mutaz', 'Essa Barshim', '', 0, 'hombre'),
(58, '', '', 'Freddie', 'Evans', '', 0, 'hombre'),
(59, '', '', 'Danny', 'Everette', '', 0, 'hombre'),
(60, '', '', 'Esquiva', 'Falcao Florentino', '', 0, 'hombre'),
(61, '', '', 'Yamaguchi', 'Falcao Florentino', '', 0, 'hombre'),
(62, '', '', 'Mohamed', 'Farah', '', 0, 'hombre'),
(63, '', '', 'Allyson', 'Felix', '', 0, 'mujer'),
(64, '', '', 'Petra', 'Felke', '', 0, 'mujer'),
(65, '', '', 'Paquillo', 'Fernández', '', 0, 'hombre'),
(66, '', '', 'Shelly-Ann', 'Fraser-Pryce', '', 0, 'mujer'),
(67, '', '', 'Gulnara', 'Galkina', '', 0, 'mujer'),
(68, '', '', 'Justin ', 'Gatlin', '', 0, 'hombre'),
(69, '', '', 'Dejen', 'Gebremeskel', '', 0, 'hombre'),
(70, '', '', 'Haile', 'Gebrselassie ', '', 0, 'hombre'),
(71, '', '', 'Tiki', 'Gelana', '', 0, 'mujer'),
(72, '', '', 'Habiba', 'Ghribi', '', 0, 'mujer'),
(73, '', '', 'Lijiao', 'Gong', '', 0, 'mujer'),
(74, '', '', 'Lalonde', 'Gordon', '', 0, 'hombre'),
(75, '', '', 'Johnny', 'Gray ', '', 0, 'hombre'),
(76, '', '', 'Florence', 'Griffith', '', 0, 'mujer'),
(77, '', '', 'Oleksandr', 'Gvozdyk', '', 0, 'hombre'),
(78, '', '', 'Ehsan', 'Hadadi', '', 0, 'hombre'),
(79, '', '', 'Soonchul', 'Han', '', 0, 'hombre'),
(80, '', '', 'Trey ', 'Hardee', '', 0, 'hombre'),
(81, '', '', 'Dawn', 'Harper', '', 0, 'mujer'),
(82, '', '', 'Robert', 'Harting', '', 0, 'hombre'),
(83, '', '', 'Betty', 'Heidler', '', 0, 'mujer'),
(84, '', '', 'Zuzana', 'Hejnova', '', 0, 'mujer'),
(85, '', '', 'Martina', 'Hellmann', '', 0, 'mujer'),
(86, '', '', 'Reese', 'Hoffa', '', 0, 'hombre'),
(87, '', '', 'Raphael', 'Holzdeppe', '', 0, 'hombre'),
(88, '', '', 'Caterine', 'Ibarguen', '', 0, 'mujer'),
(89, '', '', 'Roniel', 'Iglesias Solotongo', '', 0, 'hombre'),
(90, '', '', 'Abdalaati', 'Iguider', '', 0, 'hombre'),
(92, '', '', 'Yelena', 'Isinbayeva', '', 0, 'mujer'),
(93, '', '', 'Paula', 'Ivan', '', 0, 'mujer'),
(94, '', '', 'Vyacheslav', 'Ivanenko', '', 0, 'hombre'),
(95, '', '', 'Olimpiada', 'Ivanova', '', 0, 'mujer'),
(96, '', '', 'Kirani', 'James', '', 0, 'hombre'),
(97, '', '', 'Vivian', 'Jepkemoi Cheruiyot', '', 0, 'mujer'),
(98, '', '', 'Sally', 'Jepkemoi Cheruiyot', '', 0, 'mujer'),
(99, '', '', 'Priscah', 'Jeptoo', '', 0, 'mujer'),
(100, '', '', 'Carmelita', 'Jeter', '', 0, 'mujer'),
(101, '', '', 'John', 'Joe Nevin', '', 0, 'hombre'),
(102, '', '', 'Michael', 'Johnson ', '', 0, 'hombre'),
(103, '', '', 'Marion', 'Jones', '', 0, 'mujer'),
(105, '', '', 'Jackie', 'Joyner-Kersee', '', 0, 'mujer'),
(106, '', '', 'Wang', 'Junxia', '', 0, 'mujer'),
(107, '', '', 'Olga', 'Kaniskina', '', 0, 'mujer'),
(108, '', '', 'Gerd', 'Kanter', '', 0, 'hombre'),
(109, '', '', 'Julius', 'Kariuki', '', 0, 'hombre'),
(110, '', '', 'Mary', 'Keitany', '', 0, 'mujer'),
(111, '', '', 'Ezekiel', 'Kemboi', '', 0, 'hombre'),
(112, '', '', 'Dennis', 'Kimetto', '', 0, 'hombre'),
(113, '', '', 'Roger', 'Kingdom', '', 0, 'hombre'),
(114, '', '', 'Lornah', 'Kiplagat', '', 0, 'mujer'),
(115, '', '', 'Stephen', 'Kiprotich', '', 0, 'hombre'),
(116, '', '', 'Wilson ', 'Kipsang Kiprotich', '', 0, 'hombre'),
(117, '', '', 'Sergey ', 'Kirdyapkin', '', 0, 'hombre'),
(118, '', '', 'Abel', 'Kirui', '', 0, 'hombre'),
(119, '', '', 'Timothy', 'Kitum', '', 0, 'hombre'),
(120, '', '', 'Marita', 'Koch', '', 0, 'mujer'),
(121, '', '', 'Evgeniia', 'Kolodko', '', 0, 'mujer'),
(122, '', '', 'Daniel', 'Komen ', '', 0, 'hombre'),
(123, '', '', 'Robert', 'Korzeniowski', '', 0, 'hombre'),
(124, '', '', 'Stefka', 'Kostadinova', '', 0, 'mujer'),
(125, '', '', 'Primoz', 'Kozmus', '', 0, 'hombre'),
(126, '', '', 'Jarmila', 'Kratochvilova', '', 0, 'hombre'),
(127, '', '', 'Inessa', 'Kravets', '', 0, 'mujer'),
(128, '', '', 'Erik', 'Kynard', '', 0, 'hombre'),
(129, '', '', 'Elena', 'Lashmanova', '', 0, 'mujer'),
(130, '', '', 'Renaud', 'Lavillenie', '', 0, 'hombre'),
(131, '', '', 'David', 'Lekuta Rudisha', '', 0, 'hombre'),
(132, '', '', 'Yanfeng', 'Li', '', 0, 'hombre'),
(133, '', '', 'Xuerui', 'Li', '', 0, 'mujer'),
(134, '', '', 'Dan', 'Lin', '', 0, 'hombre'),
(135, '', '', 'Natalia', 'Lisovskaya', '', 0, 'mujer'),
(136, '', '', 'Sergei', 'Litvinov', '', 0, 'hombre'),
(137, '', '', 'Vasyl', 'Lomachenko', '', 0, 'hombre'),
(138, '', '', 'Tegla', 'Lorupe', '', 0, 'mujer'),
(139, '', '', 'Tatyana', 'Lysenko', '', 0, 'mujer'),
(140, '', '', 'Tomasz', 'Majewski', '', 0, 'hombre'),
(141, '', '', 'Taoufik', 'Makhloufi', '', 0, 'hombre'),
(142, '', '', 'Vincenzo', 'Mangiacapre', '', 0, 'hombre'),
(143, '', '', 'Leonel', 'Manzano', '', 0, 'hombre'),
(144, '', '', 'Svetlana', 'Masterkova', '', 0, 'mujer'),
(145, '', '', 'Takayuki', 'Matsumiya', '', 0, 'hombre'),
(146, '', '', 'Francoise', 'Mbango Etone', '', 0, 'mujer'),
(147, '', '', 'Mahiedine', 'Mekhissi-Benabbad', '', 0, 'hombre'),
(148, '', '', 'Egor', 'Mekhontcev', '', 0, 'hombre'),
(149, '', '', 'Osleidys', 'Menéndez', '', 0, 'mujer'),
(150, '', '', 'Aries', 'Merrite', '', 0, 'hombre'),
(151, '', '', 'Aksana', 'Miankova', '', 0, 'mujer'),
(152, '', '', 'Ryota', 'Murata', '', 0, 'hombre'),
(153, '', '', 'Koji', 'Murofushi', '', 0, 'hombre'),
(154, '', '', 'Abel', 'Mutai', '', 0, 'hombre'),
(155, '', '', 'Saina', 'Nehwal', '', 0, 'mujer'),
(156, '', '', 'Noah', 'Ngeny ', '', 0, 'hombre'),
(157, '', '', 'Yelena', 'Nikolayeva', '', 0, 'mujer'),
(158, '', '', 'Adilbek', 'Niyazymbetov', '', 0, 'hombre'),
(159, '', '', 'Tugstsogt', 'Nyambayar', '', 0, 'hombre'),
(160, '', '', 'Christina', 'Obergfoll', '', 0, 'mujer'),
(161, '', '', 'Anthony', 'Ogogo', '', 0, 'hombre'),
(162, '', '', 'Christine', 'Ohuruogu', '', 0, 'mujer'),
(163, '', '', 'Nadezha', 'Olizarenko', '', 0, 'mujer'),
(164, '', '', 'Sonia', 'O`Sullivan', '', 0, 'mujer'),
(165, '', '', 'Bjorn', 'Otto', '', 0, 'hombre'),
(166, '', '', 'Laurent', 'Ottoz', '', 0, 'hombre'),
(167, '', '', 'Hansle', 'Parchment', '', 0, 'hombre'),
(168, '', '', 'Krisztian', 'Pars', '', 0, 'hombre'),
(169, '', '', 'Sally', 'Pearson', '', 0, 'mujer'),
(170, '', '', 'Yulia', 'Pechyonkina', '', 0, 'mujer'),
(171, '', '', 'Sandra', 'Perkovic', '', 0, 'mujer'),
(172, '', '', 'Andrey', 'Perlov', '', 0, 'hombre'),
(173, '', '', 'Evaldas', 'Petrauskas', '', 0, 'hombre'),
(174, '', '', 'Tatyana', 'Petrova Arkhipova', '', 0, 'mujer'),
(175, '', '', 'Darya', 'Pishchalnikova', '', 0, 'mujer'),
(176, '', '', 'Thomas', 'Pkemei Longosiwa', '', 0, 'hombre'),
(177, '', '', 'Kaeo', 'Pongprayoon', '', 0, 'hombre'),
(178, '', '', 'Mike', 'Powell', '', 0, 'hombre'),
(179, '', '', 'Ekaterina', 'Poyistogova', '', 0, 'mujer'),
(180, '', '', 'Jozef', 'Pribilinec', '', 0, 'hombre'),
(182, '', '', 'Oleksandr', 'Pyatnytsya', '', 0, 'hombre'),
(183, '', '', 'Shenjie', 'Qieyang', '', 0, 'mujer'),
(184, '', '', 'Paula', 'Radcliffe', '', 0, 'mujer'),
(185, '', '', 'Robeisy', 'Ramirez Carrazana', '', 0, 'hombre'),
(186, '', '', 'Brittney', 'Reese', '', 0, 'mujer'),
(187, '', '', 'Gabriele', 'Reinsch', '', 0, 'mujer'),
(188, '', '', 'Jason', 'Richardson', '', 0, 'hombre'),
(189, '', '', 'Sanya', 'Richards-Ross', '', 0, 'mujer'),
(190, '', '', 'Louise', 'Ritter', '', 0, 'mujer'),
(191, '', '', 'Dayron', 'Robles', '', 0, 'hombre'),
(192, '', '', 'Svetlana', 'Rogova', '', 0, 'mujer'),
(193, '', '', 'David', 'Rudisha ', '', 0, 'hombre'),
(194, '', '', 'Galen', 'Rupp', '', 0, 'hombre'),
(195, '', '', 'Greg', 'Rutherford', '', 0, 'hombre'),
(196, '', '', 'Antti', 'Ruuskanen', '', 0, 'hombre'),
(197, '', '', 'Nadezhda', 'Ryashkina', '', 0, 'mujer'),
(198, '', '', 'Olga', 'Rypakova', '', 0, 'mujer'),
(199, '', '', 'Saif', 'Saaeed  Shaheen', '', 0, 'hombre'),
(200, '', '', 'Olha', 'Saladuha', '', 0, 'mujer'),
(201, '', '', 'Tatiana', 'Samolenko', '', 0, 'mujer'),
(202, '', '', 'Felix', 'Sanchez', '', 0, 'hombre'),
(203, '', '', 'Luguelin', 'Santos', '', 0, 'hombre'),
(204, '', '', 'Serik', 'Sapiyev', '', 0, 'hombre'),
(205, '', '', 'Mariya', 'Savinova', '', 0, 'mujer'),
(206, '', '', 'Kerry', 'Saxby', '', 0, 'mujer'),
(207, '', '', 'Jurgen', 'Schult', '', 0, 'hombre'),
(209, '', '', 'Lilli', 'Schwarzkopf', '', 0, 'mujer'),
(210, '', '', 'Roman', 'Sebrle', '', 0, 'hombre'),
(211, '', '', 'Yuri', 'Sedykh', '', 0, 'hombre'),
(212, '', '', 'Toshihiko', 'Seko', '', 0, 'hombre'),
(213, '', '', 'Caster', 'Semenya', '', 0, 'hombre'),
(214, '', '', 'Taras', 'Shelestyuk', '', 0, 'hombre'),
(215, '', '', 'Satoshi', 'Shimizu', '', 0, 'hombre'),
(216, '', '', 'Svetlana', 'Shkolina', '', 0, 'mujer'),
(217, '', '', 'Tianfeng', 'Si', '', 0, 'hombre'),
(218, '', '', 'Yarisley', 'Silva', '', 0, 'mujer'),
(219, '', '', 'Ilona', 'Slupianeck', '', 0, 'mujer'),
(220, '', '', 'Elena', 'Sokolova', '', 0, 'mujer'),
(221, '', '', 'Javier', 'Sotomayor', '', 0, 'hombre'),
(222, '', '', 'Barbora', 'Spotakova', '', 0, 'mujer'),
(223, '', '', 'Linda', 'Stahl', '', 0, 'mujer'),
(224, '', '', 'David', 'Storl', '', 0, 'hombre'),
(225, '', '', 'Leonel', 'Suarez', '', 0, 'hombre'),
(226, '', '', 'Jennifer', 'Suhr', '', 0, 'mujer'),
(227, '', '', 'Takahiro', 'Sunada', '', 0, 'hombre'),
(228, '', '', 'Yusuke', 'Suzuki', '', 0, 'hombre'),
(229, '', '', 'Karolina', 'Szabo', '', 0, 'mujer'),
(231, '', '', 'Zersenay', 'Tadese', '', 0, 'hombre'),
(232, '', '', 'Jared', 'Tallent', '', 0, 'hombre'),
(233, '', '', 'Christian', 'Taylor', '', 0, 'hombre'),
(234, '', '', 'Daley', 'Thompson', '', 0, 'hombre'),
(235, '', '', 'Andreas', 'Thorkildsen', '', 0, 'hombre'),
(236, '', '', 'Ulf', 'Timmermann', '', 0, 'hombre'),
(237, '', '', 'Michael', 'Tinsley', '', 0, 'hombre'),
(238, '', '', 'Yasnier', 'Toledo Lopez', '', 0, 'hombre'),
(239, '', '', 'Thierry', 'Toutain', '', 0, 'hombre'),
(241, '', '', 'Ann', 'Trason', '', 0, 'mujer'),
(242, '', '', 'Deedee', 'Trotter', '', 0, 'mujer'),
(243, '', '', 'Ivan', 'Ukhov', '', 0, 'hombre'),
(244, '', '', 'Munkh-Erdene', 'Uranchimeg', '', 0, 'hombre'),
(245, '', '', 'Keshorn', 'Walcott', '', 0, 'hombre'),
(246, '', '', 'Melaine', 'Walker', '', 0, 'mujer'),
(247, '', '', 'Zhen', 'Wang', '', 0, 'hombre'),
(248, '', '', 'Yihan', 'Wang', '', 0, 'mujer'),
(249, '', '', 'Samuel', 'Wanjiru', '', 0, 'hombre'),
(250, '', '', 'Mitchell', 'Watt', '', 0, 'hombre'),
(251, '', '', 'Quincy', 'Watts', '', 0, 'hombre'),
(252, '', '', 'Chong', 'Wei Lee', '', 0, 'hombre'),
(253, '', '', 'Warren', 'Weir', '', 0, 'hombre'),
(254, '', '', 'Kellie', 'Wells', '', 0, 'mujer'),
(255, '', '', 'Anita', 'Wlodarczyk', '', 0, 'mujer'),
(256, '', '', 'Kevin', 'Young', '', 0, 'hombre'),
(257, '', '', 'Qu', 'Yunxia', '', 0, 'hombre'),
(258, '', '', 'Maryam', 'Yusuf Jamal', '', 0, 'mujer'),
(259, '', '', 'Andrey', 'Zamkovoy', '', 0, 'hombre'),
(260, '', '', 'Yuliya', 'Zaripova', '', 0, 'mujer'),
(261, '', '', 'Jan', 'Zelezny', '', 0, 'hombre'),
(262, '', '', 'Shiming', 'Zou', '', 0, 'hombre'),
(263, 'root', 'alejandro_giglio@hotmail.com', 'Alejandro', 'Giglio', '', 1, 'hombre'),
(264, 'Avenger001', 'irigoyen444@gmail.com', 'Luciano', 'Irigoyen', '', 1, 'hombre'),
(265, 'Avenger001', 'irigoyen444@gmail.com', 'Luciano', 'Irigoyen', '', 1, 'hombre'),
(266, 'Avenger002', 'irigoyen444@gmail.com', 'Luciano', 'Irigoyen', '', 1, 'hombre');

-- --------------------------------------------------------

--
-- Estructura de tabla para la tabla `personal`
--

CREATE TABLE IF NOT EXISTS `personal` (
  `IdPersona` double NOT NULL,
  `TipoPersonal` enum('medico','cocinero','tecnico','entrenador','otro') NOT NULL,
  PRIMARY KEY (`IdPersona`),
  KEY `IdPersona` (`IdPersona`),
  KEY `TipoPersonal` (`TipoPersonal`)
) ENGINE=InnoDB DEFAULT CHARSET=latin1;

-- --------------------------------------------------------

--
-- Estructura de tabla para la tabla `puntos`
--

CREATE TABLE IF NOT EXISTS `puntos` (
  `IdResultado` double NOT NULL,
  `Puntaje` int(11) NOT NULL,
  PRIMARY KEY (`IdResultado`)
) ENGINE=InnoDB DEFAULT CHARSET=latin1;

-- --------------------------------------------------------

--
-- Estructura de tabla para la tabla `region`
--

CREATE TABLE IF NOT EXISTS `region` (
  `IdRegion` double NOT NULL AUTO_INCREMENT,
  `NombreRegion` varchar(30) NOT NULL,
  PRIMARY KEY (`IdRegion`)
) ENGINE=InnoDB  DEFAULT CHARSET=latin1 AUTO_INCREMENT=8 ;

--
-- Volcado de datos para la tabla `region`
--

INSERT INTO `region` (`IdRegion`, `NombreRegion`) VALUES
(1, 'Africa'),
(2, 'America Central'),
(3, 'America del Norte'),
(4, 'America del Sur'),
(5, 'Asia'),
(6, 'Europa'),
(7, 'Oceania');

--
-- Disparadores `region`
--
DROP TRIGGER IF EXISTS `trRegion_INSERT`;
DELIMITER //
CREATE TRIGGER `trRegion_INSERT` BEFORE INSERT ON `region`
 FOR EACH ROW BEGIN

DECLARE valornuevo varchar(1000);

SET @valornuevo=CONCAT('IdRegion=',new.IdRegion,' Nombre=',new.NombreRegion);


INSERT INTO auditoria ( Accion, Tabla, ValorAnterior, ValorNuevo, FechaHoraAuditoria, NombreUsuario)
VALUES('alta','Region','',@valornuevo,NOW(),SYSTEM_USER());
   
END
//
DELIMITER ;

-- --------------------------------------------------------

--
-- Estructura de tabla para la tabla `resultado`
--

CREATE TABLE IF NOT EXISTS `resultado` (
  `IdResultado` double NOT NULL AUTO_INCREMENT,
  `IdCompetidor` double NOT NULL,
  `NombreResultado` varchar(20) NOT NULL,
  `TipoResultado` enum('valido','descalificado','doping','no_finalizo') NOT NULL,
  `Nota` varchar(250) DEFAULT NULL,
  `Final` tinyint(1) NOT NULL,
  PRIMARY KEY (`IdResultado`),
  KEY `IdCompetidor` (`IdCompetidor`)
) ENGINE=InnoDB DEFAULT CHARSET=latin1 AUTO_INCREMENT=1 ;

-- --------------------------------------------------------

--
-- Estructura de tabla para la tabla `sede`
--

CREATE TABLE IF NOT EXISTS `sede` (
  `IdSede` double NOT NULL AUTO_INCREMENT,
  `NombreSede` varchar(40) NOT NULL,
  `LatitudSede` float(10,6) NOT NULL,
  `LongitudSede` float(10,6) NOT NULL,
  PRIMARY KEY (`IdSede`)
) ENGINE=InnoDB  DEFAULT CHARSET=latin1 AUTO_INCREMENT=6 ;

--
-- Volcado de datos para la tabla `sede`
--

INSERT INTO `sede` (`IdSede`, `NombreSede`, `LatitudSede`, `LongitudSede`) VALUES
(1, 'Maracaná', -22.000000, -43.000000),
(2, 'Barra de Tijuca', -22.000000, -43.000000),
(3, 'Deodoro', -22.000000, -43.000000),
(4, 'Copacabana', -22.000000, -43.000000),
(5, 'Externa', 0.000000, 0.000000);

-- --------------------------------------------------------

--
-- Estructura de tabla para la tabla `servicio`
--

CREATE TABLE IF NOT EXISTS `servicio` (
  `IdLugar` double NOT NULL,
  `TipoServicio` enum('restaurant','hotel','seguridad','espectaculos','banco','shopping','atencion_medica') NOT NULL,
  PRIMARY KEY (`IdLugar`)
) ENGINE=InnoDB DEFAULT CHARSET=latin1;

--
-- Volcado de datos para la tabla `servicio`
--

INSERT INTO `servicio` (`IdLugar`, `TipoServicio`) VALUES
(39, 'atencion_medica'),
(40, 'atencion_medica'),
(41, 'atencion_medica'),
(42, 'atencion_medica'),
(43, 'atencion_medica'),
(44, 'restaurant'),
(45, 'restaurant'),
(46, 'restaurant'),
(47, 'restaurant'),
(48, 'restaurant'),
(49, 'restaurant'),
(50, 'restaurant'),
(51, 'restaurant'),
(52, 'restaurant'),
(53, 'restaurant'),
(54, 'restaurant'),
(55, 'restaurant'),
(56, 'restaurant'),
(57, 'restaurant'),
(58, 'restaurant'),
(59, 'banco'),
(60, 'banco'),
(61, 'banco'),
(62, 'banco'),
(63, 'hotel'),
(64, 'hotel'),
(65, 'hotel'),
(66, 'hotel'),
(67, 'hotel'),
(68, 'hotel'),
(69, 'espectaculos'),
(70, 'restaurant'),
(71, 'restaurant'),
(72, 'restaurant'),
(73, 'restaurant'),
(74, 'restaurant'),
(75, 'restaurant'),
(76, 'restaurant'),
(77, 'hotel'),
(78, 'hotel'),
(79, 'hotel'),
(80, 'hotel'),
(81, 'restaurant'),
(82, 'restaurant'),
(83, 'restaurant'),
(84, 'restaurant'),
(85, 'restaurant'),
(86, 'restaurant'),
(87, 'restaurant'),
(88, 'restaurant'),
(89, 'hotel'),
(90, 'hotel'),
(91, 'hotel'),
(92, 'hotel'),
(93, 'hotel'),
(94, 'hotel'),
(95, 'hotel'),
(96, 'hotel'),
(97, 'shopping'),
(98, 'shopping'),
(99, 'atencion_medica'),
(100, 'atencion_medica'),
(101, 'espectaculos'),
(103, 'hotel');

-- --------------------------------------------------------

--
-- Estructura de tabla para la tabla `telefono`
--

CREATE TABLE IF NOT EXISTS `telefono` (
  `IdTelefono` double NOT NULL AUTO_INCREMENT,
  `IdLugar` double NOT NULL,
  `NumeroTelefono` varchar(30) NOT NULL,
  PRIMARY KEY (`IdTelefono`),
  KEY `IdLugar` (`IdLugar`)
) ENGINE=InnoDB  DEFAULT CHARSET=latin1 AUTO_INCREMENT=102 ;

--
-- Volcado de datos para la tabla `telefono`
--

INSERT INTO `telefono` (`IdTelefono`, `IdLugar`, `NumeroTelefono`) VALUES
(1, 1, '+55 21 2555-2200'),
(2, 2, '+55 21 2016-2016'),
(3, 3, '+55 21 2521-1032'),
(4, 4, '+55 21 2016-2016'),
(5, 5, '+55 21 2016-2016'),
(6, 6, '+55 21 2976-7310'),
(7, 7, '+55 800 062 7222'),
(8, 8, '+55 21 2016-2016'),
(9, 9, '+55 21 2597-9775'),
(10, 10, '+55 21 2016-2016'),
(11, 11, '+55 21 2016-2016'),
(12, 12, '+55 21 2016-2016'),
(13, 13, '+55 21 2016-2016'),
(14, 14, '+55 21 2016-2016'),
(15, 15, '+55 21 2016-2016'),
(16, 16, '+55 21 2016-2016'),
(17, 17, '+55 21 2016-2016'),
(18, 18, '+55 21 2016-2016'),
(19, 19, '+55 21 2016-2016'),
(20, 20, '+55 21 2016-2016'),
(21, 21, '+55 21 2016-2016'),
(22, 22, '+55 21 2016-2016'),
(23, 23, '+55 21 2016-2016'),
(24, 24, '+55 21 2016-2016'),
(25, 25, '+55 21 2016-2016'),
(26, 26, '+55 21 2016-2016'),
(27, 27, '+55 21 2016-2016'),
(28, 28, '+55 21 2441-9100'),
(29, 29, '+55 21 2441-9100'),
(30, 30, '+55 21 2441-9100'),
(31, 31, '+55 21 2441-9100'),
(32, 32, '+55 21 2016-2016'),
(33, 33, '+55 21 2016-2016'),
(34, 34, '+55 31 3499-4300'),
(36, 35, '+55 92 2126-1260'),
(37, 36, '+55 71 3320-2161'),
(38, 37, '+55 11 3152-4099'),
(39, 37, '+55 21 2545-4083'),
(40, 38, '+55 21 2333-9287'),
(41, 38, '+55 21 3861-3861'),
(42, 39, '+55 21 2549-0033'),
(43, 39, '+55 21 2256-3603'),
(44, 40, '+55 21 2548-6853'),
(46, 40, '+55 21 2548-6624'),
(47, 41, '+55 21 3042-1483'),
(48, 41, '+55 21 2255-7149'),
(49, 42, '+55 21 2255-4167'),
(50, 42, '+55 21 2255-3319'),
(51, 43, '+55 21 7866-6282'),
(52, 43, '+55 21 3201-4049'),
(53, 44, '+55 21 3325-6222'),
(54, 44, '+55 21 2247-2438'),
(55, 45, '+55 21 2247-5394'),
(56, 45, '+55 21 2513-5184'),
(57, 46, '+55 21 2523-5082'),
(58, 46, '+55 21 2541-0140'),
(59, 47, '+55 21 3202-7600'),
(60, 47, '+55 21 2522-1031'),
(61, 48, '+55 11 4004-4828'),
(62, 48, '+55 21 2267-6667'),
(63, 49, '+55 21 2287-6086'),
(64, 49, '+55 21 3545-5400 '),
(65, 50, '+55 21 2525-2425'),
(66, 50, '+55 21 2523-0060'),
(67, 51, '+55 21 2513-2349'),
(68, 51, '+55 21 3257-8500'),
(69, 52, '+55 21 2522-1031'),
(70, 52, '+55 21 3592-2631'),
(71, 53, '+55 21 2234-5665'),
(72, 53, '+55 21 2264-5163'),
(73, 54, '+55 21 2433-1400'),
(74, 54, '+55 21 2254-1925'),
(75, 55, '+55 21 2568-1283'),
(76, 55, '+55 21 2567-5912'),
(77, 56, '+55 21 2273-4539'),
(78, 56, '+55 21 2576-9534'),
(79, 57, '+55 21 2234-9198'),
(80, 57, '+55 21 2502-1830'),
(81, 58, '+55 21 2438-1458'),
(82, 58, '+55 21 2431-9117'),
(83, 59, '+55 21 3258-3094'),
(84, 59, '+55 21 3325-3383'),
(85, 60, '+55 21 2433-1081'),
(86, 60, '+55 21 3411-1000'),
(87, 61, '+55 21 3325-1003'),
(88, 61, '+55 21 3325-6166'),
(89, 62, '+55 21 2169-1500'),
(90, 62, '+55 21 3797-1234'),
(91, 63, '+55 21 3433-6600'),
(92, 63, '+55 21 2196-2000'),
(93, 64, '+55 21 2123-7000'),
(94, 64, '+55 21 3139-8000'),
(95, 65, '+55 21 3089-1051'),
(96, 65, '+55 21 2108-8000'),
(97, 66, '+55 21 3263-2000'),
(98, 66, '+55 21 3111-4612'),
(99, 67, '+55 21 3883-1000'),
(100, 67, '+55 21 2430-3600'),
(101, 68, '+55 21 3431-0100');

-- --------------------------------------------------------

--
-- Estructura de tabla para la tabla `tiempo`
--

CREATE TABLE IF NOT EXISTS `tiempo` (
  `IdResultado` double NOT NULL,
  `Hora` int(11) DEFAULT NULL,
  `Minuto` int(11) DEFAULT NULL,
  `Segundo` int(11) DEFAULT NULL,
  `Decima` int(11) DEFAULT NULL,
  PRIMARY KEY (`IdResultado`)
) ENGINE=InnoDB DEFAULT CHARSET=latin1;

-- --------------------------------------------------------

--
-- Estructura de tabla para la tabla `tiene`
--

CREATE TABLE IF NOT EXISTS `tiene` (
  `IdLugar` double NOT NULL,
  `IdCaracteristica` double NOT NULL,
  KEY `IdLugar` (`IdLugar`),
  KEY `IdCaracteristica` (`IdCaracteristica`)
) ENGINE=InnoDB DEFAULT CHARSET=latin1;

--
-- Volcado de datos para la tabla `tiene`
--

INSERT INTO `tiene` (`IdLugar`, `IdCaracteristica`) VALUES
(44, 2),
(44, 5),
(44, 6),
(44, 7),
(45, 2),
(45, 4),
(45, 6),
(46, 2),
(46, 4),
(46, 5),
(46, 7),
(47, 2),
(47, 5),
(48, 2),
(48, 4),
(49, 2),
(49, 6),
(50, 2),
(50, 6),
(51, 2),
(51, 4),
(51, 5),
(52, 2),
(52, 4),
(53, 2),
(53, 5),
(53, 6),
(54, 2),
(54, 5),
(54, 6),
(55, 2),
(55, 4),
(56, 2),
(56, 6),
(56, 7),
(57, 2),
(57, 4),
(57, 7),
(58, 2),
(58, 4),
(58, 5),
(70, 2),
(70, 4),
(70, 6),
(71, 2),
(71, 6),
(72, 2),
(72, 4),
(72, 5),
(73, 2),
(73, 6),
(73, 7),
(74, 2),
(74, 4),
(74, 7),
(75, 2),
(75, 5),
(75, 6),
(76, 2),
(76, 5),
(76, 6),
(81, 2),
(81, 4),
(81, 5),
(81, 6),
(82, 2),
(82, 4),
(82, 5),
(82, 6),
(83, 2),
(83, 4),
(83, 6),
(84, 2),
(84, 4),
(84, 6),
(84, 7),
(85, 2),
(85, 4),
(85, 6),
(85, 7),
(86, 2),
(86, 4),
(86, 6),
(87, 2),
(87, 4),
(87, 5),
(87, 6),
(88, 2),
(88, 4),
(88, 5),
(88, 6);

-- --------------------------------------------------------

--
-- Estructura de tabla para la tabla `torneo`
--

CREATE TABLE IF NOT EXISTS `torneo` (
  `IdTorneo` double NOT NULL AUTO_INCREMENT,
  `NombreTorneo` varchar(50) NOT NULL,
  `FechaTorneo` year(4) DEFAULT NULL,
  PRIMARY KEY (`IdTorneo`)
) ENGINE=InnoDB  DEFAULT CHARSET=latin1 AUTO_INCREMENT=89 ;

--
-- Volcado de datos para la tabla `torneo`
--

INSERT INTO `torneo` (`IdTorneo`, `NombreTorneo`, `FechaTorneo`) VALUES
(1, 'Alemania', 1998),
(2, 'Barcelona', 1992),
(3, 'Beijing', 1993),
(4, 'Berlín', 1999),
(5, 'Berlín', 2009),
(6, 'Berlín', 2010),
(7, 'Berlín', 2011),
(8, 'Bruselas', 1996),
(9, 'Bruselas', 2004),
(10, 'Bruselas', 2005),
(11, 'Bruselas', 2006),
(12, 'Budapest', 1988),
(13, 'Canberra', 1985),
(14, 'Christchurch', 1981),
(15, 'Colonia', 1977),
(16, 'Cuneo', 1992),
(17, 'Daegu', 2011),
(18, 'Debrecen', 2006),
(19, 'Dublín', 1985),
(20, 'Edimburgo', 1994),
(21, 'Geelong', 2006),
(22, 'Goetzis', 2001),
(23, 'Goteborg', 1995),
(24, 'Halle', 2011),
(25, 'Hechtel', 1997),
(26, 'Helsinki', 2005),
(27, 'Hengelo', 2004),
(28, 'Hericourt', 1996),
(29, 'Hildesheim', 1986),
(30, 'Hobart', 1996),
(31, 'Indianápolis', 1988),
(32, 'Jena', 1996),
(33, 'Jerez', 1990),
(34, 'Kumamoto', 2005),
(35, 'Leningrado', 1988),
(36, 'Leningrado', 1989),
(37, 'Lisboa', 2010),
(38, 'JJ.OO Londres', 2012),
(39, 'Londres', 2003),
(40, 'Los Angeles', 1984),
(41, 'México D.F.', 1968),
(42, 'Milán', 1995),
(43, 'Moscú', 1980),
(44, 'Moscú', 1984),
(45, 'Moscú', 1987),
(46, 'Moscú', 1992),
(47, 'Munich', 1983),
(48, 'Neubradenb', 1986),
(49, 'Neubradenburgo', 1988),
(50, 'New Jersey', 2000),
(51, 'Nomi', 2015),
(52, 'Oslo', 2008),
(53, 'Ostrava', 2004),
(54, 'Ostrava', 2007),
(55, 'Ostrava', 2008),
(56, 'Pekín', 1993),
(57, 'Pekín', 2008),
(58, 'Phoenix, AZ', 2007),
(59, 'Ras Al Khaimah', 2011),
(60, 'Reims', 1992),
(61, 'Rieti', 1996),
(62, 'Rieti', 1999),
(63, 'Roma', 1987),
(64, 'Roma', 1998),
(65, 'Roma', 1999),
(66, 'Rovereto', 1990),
(67, 'S. Giovanni V.', 1990),
(68, 'Salamanca', 1993),
(69, 'Santa Mónica', 1986),
(70, 'Seattle', 1990),
(71, 'Sestriere', 1994),
(72, 'Seúl', 1988),
(73, 'Sevilla', 1999),
(74, 'Sochi', 1996),
(75, 'Stara Zagora', 1988),
(76, 'Stuttgart', 1986),
(77, 'Stuttgart', 1993),
(78, 'Tenerife', 2008),
(79, 'Tokio', 1991),
(80, 'Tokoro', 1998),
(81, 'Tula', 2003),
(82, 'Walnut', 1994),
(83, 'Westwood', 1990),
(84, 'Winschoten', 1995),
(85, 'Zurich', 1996),
(86, 'Zurich', 2009),
(87, 'Rio De Janeiro', 2016),
(88, 'Otros', 0000);

--
-- Restricciones para tablas volcadas
--

--
-- Filtros para la tabla `actividad`
--
ALTER TABLE `actividad`
  ADD CONSTRAINT `fk_idlugar1` FOREIGN KEY (`IdLugar`) REFERENCES `lugar` (`IdLugar`) ON UPDATE CASCADE,
  ADD CONSTRAINT `fk_idpersona1` FOREIGN KEY (`IdPersona`) REFERENCES `participante` (`IdPersona`) ON UPDATE CASCADE;

--
-- Filtros para la tabla `administrador`
--
ALTER TABLE `administrador`
  ADD CONSTRAINT `fk_idpersona2` FOREIGN KEY (`IdPersona`) REFERENCES `persona` (`IdPersona`) ON UPDATE CASCADE;

--
-- Filtros para la tabla `categoria`
--
ALTER TABLE `categoria`
  ADD CONSTRAINT `fk_disciplina01` FOREIGN KEY (`IdDisciplina`) REFERENCES `disciplina` (`IdDisciplina`) ON UPDATE CASCADE;

--
-- Filtros para la tabla `competencia`
--
ALTER TABLE `competencia`
  ADD CONSTRAINT `fk_idtorneo3` FOREIGN KEY (`IdTorneo`) REFERENCES `torneo` (`IdTorneo`) ON UPDATE CASCADE;

--
-- Filtros para la tabla `competidor`
--
ALTER TABLE `competidor`
  ADD CONSTRAINT `fk_idequipo1` FOREIGN KEY (`IdEquipo`) REFERENCES `equipo` (`IdEquipo`) ON UPDATE CASCADE,
  ADD CONSTRAINT `fk_idevento1` FOREIGN KEY (`IdEvento`) REFERENCES `evento` (`IdEvento`);

--
-- Filtros para la tabla `conforma`
--
ALTER TABLE `conforma`
  ADD CONSTRAINT `fk_idequipo2` FOREIGN KEY (`IdEquipo`) REFERENCES `equipo` (`IdEquipo`) ON UPDATE CASCADE,
  ADD CONSTRAINT `fk_idpersona4` FOREIGN KEY (`IdPersona`) REFERENCES `participante` (`IdPersona`) ON UPDATE CASCADE;

--
-- Filtros para la tabla `delegacion`
--
ALTER TABLE `delegacion`
  ADD CONSTRAINT `delegacion_ibfk_1` FOREIGN KEY (`IdTorneo`) REFERENCES `torneo` (`IdTorneo`) ON UPDATE CASCADE;

--
-- Filtros para la tabla `deportista`
--
ALTER TABLE `deportista`
  ADD CONSTRAINT `fk_idpersona5` FOREIGN KEY (`IdPersona`) REFERENCES `participante` (`IdPersona`) ON UPDATE CASCADE;

--
-- Filtros para la tabla `distancia`
--
ALTER TABLE `distancia`
  ADD CONSTRAINT `fk_idresultado1` FOREIGN KEY (`IdResultado`) REFERENCES `resultado` (`IdResultado`) ON UPDATE CASCADE;

--
-- Filtros para la tabla `equipo`
--
ALTER TABLE `equipo`
  ADD CONSTRAINT `fk_idcategoria1` FOREIGN KEY (`IdCategoria`) REFERENCES `categoria` (`IdCategoria`) ON UPDATE CASCADE;

--
-- Filtros para la tabla `evento`
--
ALTER TABLE `evento`
  ADD CONSTRAINT `fk_categoria4` FOREIGN KEY (`IdCategoria`) REFERENCES `categoria` (`IdCategoria`) ON UPDATE CASCADE,
  ADD CONSTRAINT `fk_competencia` FOREIGN KEY (`IdCompetencia`) REFERENCES `competencia` (`IdCompetencia`) ON UPDATE CASCADE,
  ADD CONSTRAINT `fk_idlugar2` FOREIGN KEY (`IdLugar`) REFERENCES `lugar` (`IdLugar`) ON UPDATE CASCADE;

--
-- Filtros para la tabla `historico`
--
ALTER TABLE `historico`
  ADD CONSTRAINT `fk_idcompetidor1` FOREIGN KEY (`IdCompetidor`) REFERENCES `competidor` (`IdCompetidor`) ON UPDATE CASCADE;

--
-- Filtros para la tabla `instalacion`
--
ALTER TABLE `instalacion`
  ADD CONSTRAINT `fk_idlugar3` FOREIGN KEY (`IdLugar`) REFERENCES `lugar` (`IdLugar`) ON UPDATE CASCADE;

--
-- Filtros para la tabla `integra`
--
ALTER TABLE `integra`
  ADD CONSTRAINT `fk_delegacion2` FOREIGN KEY (`IdDelegacion`) REFERENCES `delegacion` (`IdDelegacion`),
  ADD CONSTRAINT `fk_idpais2` FOREIGN KEY (`IdPais`) REFERENCES `pais` (`IdPais`) ON UPDATE CASCADE;

--
-- Filtros para la tabla `integra2`
--
ALTER TABLE `integra2`
  ADD CONSTRAINT `fk_delegacion4` FOREIGN KEY (`IdDelegacion`) REFERENCES `delegacion` (`IdDelegacion`) ON UPDATE CASCADE,
  ADD CONSTRAINT `fk_idpersona13` FOREIGN KEY (`IdPersona`) REFERENCES `participante` (`IdPersona`) ON UPDATE CASCADE;

--
-- Filtros para la tabla `lugar`
--
ALTER TABLE `lugar`
  ADD CONSTRAINT `fk_idsede1` FOREIGN KEY (`IdSede`) REFERENCES `sede` (`IdSede`) ON UPDATE CASCADE;

--
-- Filtros para la tabla `oficina`
--
ALTER TABLE `oficina`
  ADD CONSTRAINT `fk_idlugar4` FOREIGN KEY (`IdLugar`) REFERENCES `lugar` (`IdLugar`) ON UPDATE CASCADE;

--
-- Filtros para la tabla `operador`
--
ALTER TABLE `operador`
  ADD CONSTRAINT `fk_idpersona8` FOREIGN KEY (`IdPersona`) REFERENCES `persona` (`IdPersona`) ON UPDATE CASCADE;

--
-- Filtros para la tabla `pais`
--
ALTER TABLE `pais`
  ADD CONSTRAINT `fk_idregion1` FOREIGN KEY (`IdRegion`) REFERENCES `region` (`IdRegion`) ON UPDATE CASCADE;

--
-- Filtros para la tabla `participante`
--
ALTER TABLE `participante`
  ADD CONSTRAINT `fk_idpais1` FOREIGN KEY (`IdPais`) REFERENCES `pais` (`IdPais`) ON UPDATE CASCADE,
  ADD CONSTRAINT `fk_idpersona9` FOREIGN KEY (`IdPersona`) REFERENCES `persona` (`IdPersona`) ON UPDATE CASCADE;

--
-- Filtros para la tabla `personal`
--
ALTER TABLE `personal`
  ADD CONSTRAINT `fk_idpersona10` FOREIGN KEY (`IdPersona`) REFERENCES `participante` (`IdPersona`) ON UPDATE CASCADE;

--
-- Filtros para la tabla `puntos`
--
ALTER TABLE `puntos`
  ADD CONSTRAINT `fk_idresultado2` FOREIGN KEY (`IdResultado`) REFERENCES `resultado` (`IdResultado`) ON UPDATE CASCADE;

--
-- Filtros para la tabla `resultado`
--
ALTER TABLE `resultado`
  ADD CONSTRAINT `fk_idcompetidor2` FOREIGN KEY (`IdCompetidor`) REFERENCES `competidor` (`IdCompetidor`) ON UPDATE CASCADE;

--
-- Filtros para la tabla `servicio`
--
ALTER TABLE `servicio`
  ADD CONSTRAINT `fk_idlugar5` FOREIGN KEY (`IdLugar`) REFERENCES `lugar` (`IdLugar`) ON UPDATE CASCADE;

--
-- Filtros para la tabla `telefono`
--
ALTER TABLE `telefono`
  ADD CONSTRAINT `fk_idlugar6` FOREIGN KEY (`IdLugar`) REFERENCES `lugar` (`IdLugar`) ON UPDATE CASCADE;

--
-- Filtros para la tabla `tiempo`
--
ALTER TABLE `tiempo`
  ADD CONSTRAINT `fk_idresultado3` FOREIGN KEY (`IdResultado`) REFERENCES `resultado` (`IdResultado`) ON UPDATE CASCADE;

--
-- Filtros para la tabla `tiene`
--
ALTER TABLE `tiene`
  ADD CONSTRAINT `fk_idcaracteristica1` FOREIGN KEY (`IdCaracteristica`) REFERENCES `caracteristica` (`IdCaracteristica`) ON UPDATE CASCADE,
  ADD CONSTRAINT `fk_idlugar8` FOREIGN KEY (`IdLugar`) REFERENCES `lugar` (`IdLugar`) ON UPDATE CASCADE;

/*!40101 SET CHARACTER_SET_CLIENT=@OLD_CHARACTER_SET_CLIENT */;
/*!40101 SET CHARACTER_SET_RESULTS=@OLD_CHARACTER_SET_RESULTS */;
/*!40101 SET COLLATION_CONNECTION=@OLD_COLLATION_CONNECTION */;
